External_Controller_ID__c,Controller_Serial_Number__c,Player_ID__c,Current_Firmware_Version__c,Latest_Firmware_Version__c,Update_Available__c,Last_Checked_At__c,Update_Channel__c
CTRL-001,ZCT1W-0A1B2C3D,PLAYER001,3.02,3.02,false,2024-06-10T08:00:00Z,stable
CTRL-002,ZCT1W-4E5F6G7H,PLAYER002,3.02,3.02,false,2024-06-10T08:00:00Z,stable
CTRL-003,ZCT1W-8I9J0K1L,PLAYER003,2.98,3.02,true,2024-06-10T08:00:00Z,stable
CTRL-004,ZCT2E-2M3N4O5P,PLAYER004,3.02,3.02,false,2024-06-10T08:00:00Z,stable
CTRL-0005,ZCT1W-D2495511,PLAYER005,3.02,3.02,false,2024-06-10T08:00:00Z,stable
CTRL-0006,ZCT1W-U7169603,PLAYER006,3.02,3.02,false,2024-06-10T08:00:00Z,stable
CTRL-0007,ZCT2E-U1028160,PLAYER007,3.02,3.02,false,2024-06-10T08:00:00Z,stable
CTRL-0008,ZCT2E-P6362719,PLAYER008,3.00,3.02,true,2024-06-10T08:00:00Z,stable
CTRL-0009,ZCT1W-D7632241,PLAYER008,3.00,3.02,true,2024-06-10T08:00:00Z,stable
CTRL-0010,ZCT1W-K4672603,PLAYER009,3.02,3.02,false,2024-06-10T08:00:00Z,stable
CTRL-0011,ZCT2E-E1576194,PLAYER010,3.02,3.02,false,2024-06-10T08:00:00Z,stable
CTRL-0012,ZCT1W-J9024252,PLAYER011,3.02,3.02,false,2024-06-10T08:00:00Z,stable
CTRL-0013,ZCT2E-N1986711,PLAYER012,3.02,3.02,false,2024-06-10T08:00:00Z,stable
CTRL-0014,ZCT1W-H1881916,PLAYER013,2.98,3.02,true,2024-06-10T08:00:00Z,stable
CTRL-0015,ZCT2E-N6018095,PLAYER014,2.98,3.02,true,2024-06-10T08:00:00Z,stable
CTRL-0016,ZCT2E-L8087324,PLAYER015,2.98,3.02,true,2024-06-10T08:00:00Z,stable
CTRL-0017,ZCT2E-N2204993,PLAYER016,3.00,3.02,true,2024-06-10T08:00:00Z,stable
CTRL-0018,ZCT1W-T7606405,PLAYER017,3.02,3.02,false,2024-06-10T08:00:00Z,stable
CTRL-0019,ZCT2E-U1908038,PLAYER018,3.01,3.02,true,2024-06-10T08:00:00Z,stable
CTRL-0020,ZCT1W-U3307889,PLAYER019,3.02,3.02,false,2024-06-10T08:00:00Z,stable
CTRL-0021,ZCT1W-G4659722,PLAYER020,3.02,3.02,false,2024-06-10T08:00:00Z,stable
CTRL-0022,ZCT1W-M2710400,PLAYER021,2.98,3.02,true,2024-06-10T08:00:00Z,stable
CTRL-0023,ZCT2E-X3822312,PLAYER022,3.00,3.02,true,2024-06-10T08:00:00Z,stable
CTRL-0024,ZCT2E-F1880336,PLAYER022,3.02,3.02,false,2024-06-10T08:00:00Z,stable
CTRL-0025,ZCT2E-U8278315,PLAYER023,3.02,3.02,false,2024-06-10T08:00:00Z,stable
CTRL-0026,ZCT1W-D5040883,PLAYER024,3.02,3.02,false,2024-06-10T08:00:00Z,stable
CTRL-0027,ZCT1W-W7297691,PLAYER025,3.02,3.02,false,2024-06-10T08:00:00Z,stable
CTRL-0028,ZCT2E-W7410589,PLAYER026,3.02,3.02,false,2024-06-10T08:00:00Z,stable
CTRL-0029,ZCT1W-D2956687,PLAYER027,3.02,3.02,false,2024-06-10T08:00:00Z,stable
CTRL-0030,ZCT1W-A9044647,PLAYER028,3.00,3.02,true,2024-06-10T08:00:00Z,stable
CTRL-0031,ZCT1W-N9123384,PLAYER029,3.02,3.02,false,2024-06-10T08:00:00Z,stable
CTRL-0032,ZCT1W-D6456436,PLAYER030,3.01,3.02,true,2024-06-10T08:00:00Z,stable
CTRL-0033,ZCT2E-A7606809,PLAYER031,2.98,3.02,true,2024-06-10T08:00:00Z,stable
CTRL-0034,ZCT2E-C9705716,PLAYER031,3.02,3.02,false,2024-06-10T08:00:00Z,stable
CTRL-0035,ZCT1W-X2968404,PLAYER032,2.98,3.02,true,2024-06-10T08:00:00Z,stable
CTRL-0036,ZCT2E-L3064357,PLAYER033,3.02,3.02,false,2024-06-10T08:00:00Z,stable
CTRL-0037,ZCT1W-C5307726,PLAYER034,3.00,3.02,true,2024-06-10T08:00:00Z,stable
CTRL-0038,ZCT1W-S6009306,PLAYER034,3.01,3.02,true,2024-06-10T08:00:00Z,stable
CTRL-0039,ZCT1W-H6043230,PLAYER035,3.02,3.02,false,2024-06-10T08:00:00Z,stable
CTRL-0040,ZCT2E-X9960751,PLAYER036,3.02,3.02,false,2024-06-10T08:00:00Z,stable
CTRL-0041,ZCT2E-S6907545,PLAYER037,3.01,3.02,true,2024-06-10T08:00:00Z,stable
CTRL-0042,ZCT1W-X1750538,PLAYER037,3.02,3.02,false,2024-06-10T08:00:00Z,stable
CTRL-0043,ZCT2E-G3251636,PLAYER038,3.01,3.02,true,2024-06-10T08:00:00Z,stable
CTRL-0044,ZCT2E-J3155739,PLAYER039,3.02,3.02,false,2024-06-10T08:00:00Z,stable
CTRL-0045,ZCT2E-J7405244,PLAYER040,3.02,3.02,false,2024-06-10T08:00:00Z,stable
CTRL-0046,ZCT2E-C5264422,PLAYER041,3.02,3.02,false,2024-06-10T08:00:00Z,stable
CTRL-0047,ZCT1W-T4418574,PLAYER042,3.02,3.02,false,2024-06-10T08:00:00Z,stable
CTRL-0048,ZCT2E-W4231751,PLAYER043,3.02,3.02,false,2024-06-10T08:00:00Z,stable
CTRL-0049,ZCT1W-P3575158,PLAYER044,3.00,3.02,true,2024-06-10T08:00:00Z,stable
CTRL-0050,ZCT1W-V5152322,PLAYER045,3.00,3.02,true,2024-06-10T08:00:00Z,stable
CTRL-0051,ZCT1W-X7824657,PLAYER046,3.02,3.02,false,2024-06-10T08:00:00Z,stable
CTRL-0052,ZCT2E-J3455003,PLAYER047,3.00,3.02,true,2024-06-10T08:00:00Z,stable
CTRL-0053,ZCT1W-D7327627,PLAYER048,3.02,3.02,false,2024-06-10T08:00:00Z,stable
CTRL-0054,ZCT1W-D3948283,PLAYER049,3.02,3.02,false,2024-06-10T08:00:00Z,stable
CTRL-0055,ZCT2E-D9874478,PLAYER050,3.02,3.02,false,2024-06-10T08:00:00Z,stable
CTRL-0056,ZCT2E-V2662054,PLAYER051,3.02,3.02,false,2024-06-10T08:00:00Z,stable
CTRL-0057,ZCT2E-F6791040,PLAYER051,3.02,3.02,false,2024-06-10T08:00:00Z,stable
CTRL-0058,ZCT2E-R3140306,PLAYER052,3.02,3.02,false,2024-06-10T08:00:00Z,stable
CTRL-0059,ZCT1W-X3120109,PLAYER053,3.00,3.02,true,2024-06-10T08:00:00Z,stable
CTRL-0060,ZCT2E-H8016965,PLAYER054,3.02,3.02,false,2024-06-10T08:00:00Z,stable
CTRL-0061,ZCT2E-Q9426008,PLAYER055,3.02,3.02,false,2024-06-10T08:00:00Z,stable
CTRL-0062,ZCT1W-K2458649,PLAYER056,3.02,3.02,false,2024-06-10T08:00:00Z,stable
CTRL-0063,ZCT2E-C2333367,PLAYER057,3.02,3.02,false,2024-06-10T08:00:00Z,stable
CTRL-0064,ZCT1W-F1963205,PLAYER058,2.98,3.02,true,2024-06-10T08:00:00Z,stable
CTRL-0065,ZCT2E-A8113264,PLAYER059,3.02,3.02,false,2024-06-10T08:00:00Z,stable
CTRL-0066,ZCT2E-S9932346,PLAYER060,2.98,3.02,true,2024-06-10T08:00:00Z,stable
CTRL-0067,ZCT1W-V4190758,PLAYER061,3.02,3.02,false,2024-06-10T08:00:00Z,stable
CTRL-0068,ZCT2E-T6789156,PLAYER062,3.02,3.02,false,2024-06-10T08:00:00Z,stable
CTRL-0069,ZCT1W-V8527132,PLAYER063,3.02,3.02,false,2024-06-10T08:00:00Z,stable
CTRL-0070,ZCT1W-F2260344,PLAYER064,3.02,3.02,false,2024-06-10T08:00:00Z,stable
CTRL-0071,ZCT1W-S6927248,PLAYER065,3.02,3.02,false,2024-06-10T08:00:00Z,stable
CTRL-0072,ZCT2E-F7262661,PLAYER066,2.98,3.02,true,2024-06-10T08:00:00Z,stable
CTRL-0073,ZCT1W-T2977453,PLAYER067,3.02,3.02,false,2024-06-10T08:00:00Z,stable
CTRL-0074,ZCT2E-G1037485,PLAYER068,3.02,3.02,false,2024-06-10T08:00:00Z,stable
CTRL-0075,ZCT2E-W9649141,PLAYER069,3.02,3.02,false,2024-06-10T08:00:00Z,stable
CTRL-0076,ZCT2E-V9191751,PLAYER070,3.02,3.02,false,2024-06-10T08:00:00Z,stable
CTRL-0077,ZCT2E-L6005493,PLAYER071,3.02,3.02,false,2024-06-10T08:00:00Z,stable
CTRL-0078,ZCT1W-N6948065,PLAYER071,3.02,3.02,false,2024-06-10T08:00:00Z,stable
CTRL-0079,ZCT1W-C9876767,PLAYER072,3.02,3.02,false,2024-06-10T08:00:00Z,stable
CTRL-0080,ZCT1W-R1115938,PLAYER073,3.02,3.02,false,2024-06-10T08:00:00Z,stable
CTRL-0081,ZCT2E-N7279870,PLAYER074,3.02,3.02,false,2024-06-10T08:00:00Z,stable
CTRL-0082,ZCT2E-F9999758,PLAYER075,3.02,3.02,false,2024-06-10T08:00:00Z,stable
CTRL-0083,ZCT2E-F3346703,PLAYER076,2.98,3.02,true,2024-06-10T08:00:00Z,stable
CTRL-0084,ZCT2E-G2856661,PLAYER077,3.02,3.02,false,2024-06-10T08:00:00Z,stable
CTRL-0085,ZCT1W-E7619383,PLAYER078,3.02,3.02,false,2024-06-10T08:00:00Z,stable
CTRL-0086,ZCT2E-B3689597,PLAYER079,3.00,3.02,true,2024-06-10T08:00:00Z,stable
CTRL-0087,ZCT2E-D8064807,PLAYER080,3.02,3.02,false,2024-06-10T08:00:00Z,stable
CTRL-0088,ZCT1W-L7708806,PLAYER081,3.02,3.02,false,2024-06-10T08:00:00Z,stable
CTRL-0089,ZCT1W-D1354875,PLAYER082,3.00,3.02,true,2024-06-10T08:00:00Z,stable
CTRL-0090,ZCT1W-X4967894,PLAYER083,3.02,3.02,false,2024-06-10T08:00:00Z,stable
CTRL-0091,ZCT1W-P9056301,PLAYER084,3.02,3.02,false,2024-06-10T08:00:00Z,stable
CTRL-0092,ZCT2E-H3558453,PLAYER085,3.00,3.02,true,2024-06-10T08:00:00Z,stable
CTRL-0093,ZCT2E-D5421311,PLAYER086,3.02,3.02,false,2024-06-10T08:00:00Z,stable
CTRL-0094,ZCT2E-G8950602,PLAYER087,3.01,3.02,true,2024-06-10T08:00:00Z,stable
CTRL-0095,ZCT1W-G3495209,PLAYER088,3.02,3.02,false,2024-06-10T08:00:00Z,stable
CTRL-0096,ZCT1W-J4224201,PLAYER088,3.02,3.02,false,2024-06-10T08:00:00Z,stable
CTRL-0097,ZCT1W-C1854889,PLAYER089,3.02,3.02,false,2024-06-10T08:00:00Z,stable
CTRL-0098,ZCT1W-H6640128,PLAYER090,3.02,3.02,false,2024-06-10T08:00:00Z,stable
CTRL-0099,ZCT1W-S8165093,PLAYER091,2.98,3.02,true,2024-06-10T08:00:00Z,stable
CTRL-0100,ZCT2E-M5706947,PLAYER092,3.02,3.02,false,2024-06-10T08:00:00Z,stable
CTRL-0101,ZCT2E-H6366039,PLAYER093,3.02,3.02,false,2024-06-10T08:00:00Z,stable
CTRL-0102,ZCT1W-B6396217,PLAYER094,3.02,3.02,false,2024-06-10T08:00:00Z,stable
CTRL-0103,ZCT1W-P4101100,PLAYER094,3.02,3.02,false,2024-06-10T08:00:00Z,stable
CTRL-0104,ZCT2E-K2871139,PLAYER095,3.02,3.02,false,2024-06-10T08:00:00Z,stable
CTRL-0105,ZCT1W-L7049339,PLAYER096,3.02,3.02,false,2024-06-10T08:00:00Z,stable
CTRL-0106,ZCT2E-H5629621,PLAYER096,3.02,3.02,false,2024-06-10T08:00:00Z,stable
CTRL-0107,ZCT1W-E3019210,PLAYER097,3.02,3.02,false,2024-06-10T08:00:00Z,stable
CTRL-0108,ZCT2E-D2256271,PLAYER097,3.02,3.02,false,2024-06-10T08:00:00Z,stable
CTRL-0109,ZCT2E-G9951610,PLAYER098,3.02,3.02,false,2024-06-10T08:00:00Z,stable
CTRL-0110,ZCT1W-G8016442,PLAYER099,3.02,3.02,false,2024-06-10T08:00:00Z,stable
CTRL-0111,ZCT2E-M8524283,PLAYER100,3.02,3.02,false,2024-06-10T08:00:00Z,stable
CTRL-0112,ZCT2E-C9100385,PLAYER101,3.02,3.02,false,2024-06-10T08:00:00Z,stable
CTRL-0113,ZCT1W-F5599450,PLAYER102,3.02,3.02,false,2024-06-10T08:00:00Z,stable
CTRL-0114,ZCT1W-U2019943,PLAYER103,3.02,3.02,false,2024-06-10T08:00:00Z,stable
CTRL-0115,ZCT2E-R9933361,PLAYER104,3.00,3.02,true,2024-06-10T08:00:00Z,stable
CTRL-0116,ZCT2E-S7444974,PLAYER105,3.02,3.02,false,2024-06-10T08:00:00Z,stable
CTRL-0117,ZCT2E-G4088120,PLAYER106,3.01,3.02,true,2024-06-10T08:00:00Z,stable
CTRL-0118,ZCT1W-S8641031,PLAYER107,2.98,3.02,true,2024-06-10T08:00:00Z,stable
CTRL-0119,ZCT2E-H5972157,PLAYER107,3.01,3.02,true,2024-06-10T08:00:00Z,stable
CTRL-0120,ZCT1W-B9951748,PLAYER108,3.02,3.02,false,2024-06-10T08:00:00Z,stable
CTRL-0121,ZCT1W-J3230889,PLAYER109,3.02,3.02,false,2024-06-10T08:00:00Z,stable
CTRL-0122,ZCT1W-G9969014,PLAYER110,3.02,3.02,false,2024-06-10T08:00:00Z,stable
CTRL-0123,ZCT2E-L2396638,PLAYER111,3.02,3.02,false,2024-06-10T08:00:00Z,stable
CTRL-0124,ZCT1W-P5947522,PLAYER112,3.02,3.02,false,2024-06-10T08:00:00Z,stable
CTRL-0125,ZCT1W-M4678901,PLAYER113,3.02,3.02,false,2024-06-10T08:00:00Z,stable
CTRL-0126,ZCT2E-A2785812,PLAYER113,3.02,3.02,false,2024-06-10T08:00:00Z,stable
CTRL-0127,ZCT2E-W4458774,PLAYER114,3.01,3.02,true,2024-06-10T08:00:00Z,stable
CTRL-0128,ZCT2E-G7634775,PLAYER115,3.02,3.02,false,2024-06-10T08:00:00Z,stable
CTRL-0129,ZCT2E-M3488634,PLAYER116,3.02,3.02,false,2024-06-10T08:00:00Z,stable
CTRL-0130,ZCT1W-Q4104255,PLAYER117,3.02,3.02,false,2024-06-10T08:00:00Z,stable
CTRL-0131,ZCT2E-F5731917,PLAYER118,3.02,3.02,false,2024-06-10T08:00:00Z,stable
CTRL-0132,ZCT1W-N4151566,PLAYER119,3.02,3.02,false,2024-06-10T08:00:00Z,stable
CTRL-0133,ZCT1W-Q7752901,PLAYER120,3.02,3.02,false,2024-06-10T08:00:00Z,stable
CTRL-0134,ZCT1W-V2673190,PLAYER121,3.00,3.02,true,2024-06-10T08:00:00Z,stable
CTRL-0135,ZCT1W-W1733836,PLAYER122,3.01,3.02,true,2024-06-10T08:00:00Z,stable
CTRL-0136,ZCT1W-W1226440,PLAYER123,3.02,3.02,false,2024-06-10T08:00:00Z,stable
CTRL-0137,ZCT1W-T6677240,PLAYER123,3.02,3.02,false,2024-06-10T08:00:00Z,stable
CTRL-0138,ZCT1W-R8454556,PLAYER124,3.00,3.02,true,2024-06-10T08:00:00Z,stable
CTRL-0139,ZCT2E-E5090433,PLAYER125,3.02,3.02,false,2024-06-10T08:00:00Z,stable
CTRL-0140,ZCT1W-A1747019,PLAYER126,3.02,3.02,false,2024-06-10T08:00:00Z,stable
CTRL-0141,ZCT2E-D9582257,PLAYER127,2.98,3.02,true,2024-06-10T08:00:00Z,stable
CTRL-0142,ZCT1W-H1402667,PLAYER128,3.01,3.02,true,2024-06-10T08:00:00Z,stable
CTRL-0143,ZCT2E-W5812480,PLAYER129,3.02,3.02,false,2024-06-10T08:00:00Z,stable
CTRL-0144,ZCT1W-R3844728,PLAYER130,3.02,3.02,false,2024-06-10T08:00:00Z,stable
CTRL-0145,ZCT2E-M2279932,PLAYER130,3.02,3.02,false,2024-06-10T08:00:00Z,stable
CTRL-0146,ZCT1W-B3535087,PLAYER131,3.02,3.02,false,2024-06-10T08:00:00Z,stable
CTRL-0147,ZCT2E-V4042807,PLAYER131,3.02,3.02,false,2024-06-10T08:00:00Z,stable
CTRL-0148,ZCT2E-V5815154,PLAYER132,3.02,3.02,false,2024-06-10T08:00:00Z,stable
CTRL-0149,ZCT2E-X7192680,PLAYER133,3.00,3.02,true,2024-06-10T08:00:00Z,stable
CTRL-0150,ZCT1W-E3459356,PLAYER134,3.02,3.02,false,2024-06-10T08:00:00Z,stable
CTRL-0151,ZCT2E-C2898577,PLAYER135,3.02,3.02,false,2024-06-10T08:00:00Z,stable
CTRL-0152,ZCT1W-L3139694,PLAYER135,3.00,3.02,true,2024-06-10T08:00:00Z,stable
CTRL-0153,ZCT2E-R8110722,PLAYER136,3.02,3.02,false,2024-06-10T08:00:00Z,stable
CTRL-0154,ZCT2E-E5125653,PLAYER137,2.98,3.02,true,2024-06-10T08:00:00Z,stable
CTRL-0155,ZCT2E-T9996153,PLAYER138,3.02,3.02,false,2024-06-10T08:00:00Z,stable
CTRL-0156,ZCT2E-S4679813,PLAYER139,3.02,3.02,false,2024-06-10T08:00:00Z,stable
CTRL-0157,ZCT1W-G1287807,PLAYER140,3.01,3.02,true,2024-06-10T08:00:00Z,stable
CTRL-0158,ZCT1W-D1999542,PLAYER141,3.02,3.02,false,2024-06-10T08:00:00Z,stable
CTRL-0159,ZCT1W-K8724035,PLAYER142,3.01,3.02,true,2024-06-10T08:00:00Z,stable
CTRL-0160,ZCT1W-H1937270,PLAYER143,3.02,3.02,false,2024-06-10T08:00:00Z,stable
CTRL-0161,ZCT1W-N1442027,PLAYER144,3.02,3.02,false,2024-06-10T08:00:00Z,stable
CTRL-0162,ZCT1W-D2237660,PLAYER144,3.02,3.02,false,2024-06-10T08:00:00Z,stable
CTRL-0163,ZCT1W-M3370243,PLAYER145,3.02,3.02,false,2024-06-10T08:00:00Z,stable
CTRL-0164,ZCT2E-E4060575,PLAYER146,3.01,3.02,true,2024-06-10T08:00:00Z,stable
CTRL-0165,ZCT2E-R7904201,PLAYER147,3.02,3.02,false,2024-06-10T08:00:00Z,stable
CTRL-0166,ZCT1W-K2866744,PLAYER147,3.02,3.02,false,2024-06-10T08:00:00Z,stable
CTRL-0167,ZCT1W-S3690206,PLAYER148,3.02,3.02,false,2024-06-10T08:00:00Z,stable
CTRL-0168,ZCT2E-T5329433,PLAYER149,2.98,3.02,true,2024-06-10T08:00:00Z,stable
CTRL-0169,ZCT1W-P3630678,PLAYER150,3.02,3.02,false,2024-06-10T08:00:00Z,stable
CTRL-0170,ZCT2E-E4554492,PLAYER151,3.02,3.02,false,2024-06-10T08:00:00Z,stable
CTRL-0171,ZCT2E-F2295356,PLAYER151,3.02,3.02,false,2024-06-10T08:00:00Z,stable
CTRL-0172,ZCT2E-W7796448,PLAYER152,3.01,3.02,true,2024-06-10T08:00:00Z,stable
CTRL-0173,ZCT2E-W8117262,PLAYER153,3.02,3.02,false,2024-06-10T08:00:00Z,stable
CTRL-0174,ZCT1W-M6628280,PLAYER154,3.02,3.02,false,2024-06-10T08:00:00Z,stable
CTRL-0175,ZCT1W-C4555258,PLAYER155,3.01,3.02,true,2024-06-10T08:00:00Z,stable
CTRL-0176,ZCT1W-W1543024,PLAYER156,3.00,3.02,true,2024-06-10T08:00:00Z,stable
CTRL-0177,ZCT1W-U9116934,PLAYER157,2.98,3.02,true,2024-06-10T08:00:00Z,stable
CTRL-0178,ZCT2E-A6983579,PLAYER158,3.02,3.02,false,2024-06-10T08:00:00Z,stable
CTRL-0179,ZCT1W-L7553873,PLAYER159,3.02,3.02,false,2024-06-10T08:00:00Z,stable
CTRL-0180,ZCT1W-L7833134,PLAYER160,3.02,3.02,false,2024-06-10T08:00:00Z,stable
CTRL-0181,ZCT1W-A7410771,PLAYER161,3.02,3.02,false,2024-06-10T08:00:00Z,stable
CTRL-0182,ZCT1W-K3704873,PLAYER162,3.02,3.02,false,2024-06-10T08:00:00Z,stable
CTRL-0183,ZCT2E-C2565160,PLAYER163,3.02,3.02,false,2024-06-10T08:00:00Z,stable
CTRL-0184,ZCT1W-X3363282,PLAYER164,3.02,3.02,false,2024-06-10T08:00:00Z,stable
CTRL-0185,ZCT2E-Q3201130,PLAYER165,3.02,3.02,false,2024-06-10T08:00:00Z,stable
CTRL-0186,ZCT2E-B7503423,PLAYER166,3.02,3.02,false,2024-06-10T08:00:00Z,stable
CTRL-0187,ZCT1W-U9347047,PLAYER167,3.00,3.02,true,2024-06-10T08:00:00Z,stable
CTRL-0188,ZCT2E-T2462431,PLAYER168,3.02,3.02,false,2024-06-10T08:00:00Z,stable
CTRL-0189,ZCT1W-K3709058,PLAYER169,3.02,3.02,false,2024-06-10T08:00:00Z,stable
CTRL-0190,ZCT1W-C4006246,PLAYER169,3.02,3.02,false,2024-06-10T08:00:00Z,stable
CTRL-0191,ZCT2E-J8416290,PLAYER170,2.98,3.02,true,2024-06-10T08:00:00Z,stable
CTRL-0192,ZCT1W-U9191626,PLAYER171,3.02,3.02,false,2024-06-10T08:00:00Z,stable
CTRL-0193,ZCT2E-V3163996,PLAYER172,3.02,3.02,false,2024-06-10T08:00:00Z,stable
CTRL-0194,ZCT2E-M2400738,PLAYER173,2.98,3.02,true,2024-06-10T08:00:00Z,stable
CTRL-0195,ZCT2E-X1715977,PLAYER174,3.00,3.02,true,2024-06-10T08:00:00Z,stable
CTRL-0196,ZCT1W-T1133260,PLAYER175,3.02,3.02,false,2024-06-10T08:00:00Z,stable
CTRL-0197,ZCT2E-F7698813,PLAYER176,3.00,3.02,true,2024-06-10T08:00:00Z,stable
CTRL-0198,ZCT2E-X2568722,PLAYER177,3.02,3.02,false,2024-06-10T08:00:00Z,stable
CTRL-0199,ZCT2E-D2439863,PLAYER177,3.02,3.02,false,2024-06-10T08:00:00Z,stable
CTRL-0200,ZCT2E-P4346568,PLAYER178,3.02,3.02,false,2024-06-10T08:00:00Z,stable
CTRL-0201,ZCT2E-V9158676,PLAYER179,3.02,3.02,false,2024-06-10T08:00:00Z,stable
CTRL-0202,ZCT2E-Q1642271,PLAYER179,3.02,3.02,false,2024-06-10T08:00:00Z,stable
CTRL-0203,ZCT1W-L1525516,PLAYER180,3.02,3.02,false,2024-06-10T08:00:00Z,stable
CTRL-0204,ZCT2E-P8942495,PLAYER181,3.02,3.02,false,2024-06-10T08:00:00Z,stable
CTRL-0205,ZCT1W-X8095426,PLAYER182,3.02,3.02,false,2024-06-10T08:00:00Z,stable
CTRL-0206,ZCT1W-C5595368,PLAYER183,3.02,3.02,false,2024-06-10T08:00:00Z,stable
CTRL-0207,ZCT2E-P9804312,PLAYER184,2.98,3.02,true,2024-06-10T08:00:00Z,stable
CTRL-0208,ZCT1W-C8189612,PLAYER185,3.02,3.02,false,2024-06-10T08:00:00Z,stable
CTRL-0209,ZCT1W-M8031349,PLAYER186,3.02,3.02,false,2024-06-10T08:00:00Z,stable
CTRL-0210,ZCT1W-P6950750,PLAYER187,3.01,3.02,true,2024-06-10T08:00:00Z,stable
CTRL-0211,ZCT1W-T4331283,PLAYER188,3.01,3.02,true,2024-06-10T08:00:00Z,stable
CTRL-0212,ZCT2E-A3525076,PLAYER189,2.98,3.02,true,2024-06-10T08:00:00Z,stable
CTRL-0213,ZCT2E-D7818036,PLAYER190,3.02,3.02,false,2024-06-10T08:00:00Z,stable
CTRL-0214,ZCT1W-W8538483,PLAYER191,3.00,3.02,true,2024-06-10T08:00:00Z,stable
CTRL-0215,ZCT1W-G8049385,PLAYER192,3.02,3.02,false,2024-06-10T08:00:00Z,stable
CTRL-0216,ZCT2E-G6839906,PLAYER193,3.01,3.02,true,2024-06-10T08:00:00Z,stable
CTRL-0217,ZCT1W-M7103458,PLAYER194,3.02,3.02,false,2024-06-10T08:00:00Z,stable
CTRL-0218,ZCT1W-R8650368,PLAYER195,3.02,3.02,false,2024-06-10T08:00:00Z,stable
CTRL-0219,ZCT2E-S6634235,PLAYER196,3.02,3.02,false,2024-06-10T08:00:00Z,stable
CTRL-0220,ZCT2E-M3967808,PLAYER197,3.02,3.02,false,2024-06-10T08:00:00Z,stable
CTRL-0221,ZCT2E-N5781975,PLAYER197,3.02,3.02,false,2024-06-10T08:00:00Z,stable
CTRL-0222,ZCT2E-V2664720,PLAYER198,3.02,3.02,false,2024-06-10T08:00:00Z,stable
CTRL-0223,ZCT1W-V7900127,PLAYER199,3.02,3.02,false,2024-06-10T08:00:00Z,stable
CTRL-0224,ZCT2E-S1547533,PLAYER200,3.01,3.02,true,2024-06-10T08:00:00Z,stable
CTRL-0225,ZCT2E-G4739295,PLAYER201,3.02,3.02,false,2024-06-10T08:00:00Z,stable
CTRL-0226,ZCT1W-R3087766,PLAYER202,2.98,3.02,true,2024-06-10T08:00:00Z,stable
CTRL-0227,ZCT2E-A7285479,PLAYER203,3.01,3.02,true,2024-06-10T08:00:00Z,stable
CTRL-0228,ZCT2E-X5437558,PLAYER204,3.02,3.02,false,2024-06-10T08:00:00Z,stable
CTRL-0229,ZCT2E-X5052611,PLAYER204,3.02,3.02,false,2024-06-10T08:00:00Z,stable
CTRL-0230,ZCT1W-A3573211,PLAYER205,3.02,3.02,false,2024-06-10T08:00:00Z,stable
CTRL-0231,ZCT2E-L3859017,PLAYER206,3.01,3.02,true,2024-06-10T08:00:00Z,stable
CTRL-0232,ZCT2E-G7598776,PLAYER207,3.02,3.02,false,2024-06-10T08:00:00Z,stable
CTRL-0233,ZCT2E-F7763214,PLAYER208,3.02,3.02,false,2024-06-10T08:00:00Z,stable
CTRL-0234,ZCT2E-H2670640,PLAYER209,3.02,3.02,false,2024-06-10T08:00:00Z,stable
CTRL-0235,ZCT1W-W7576872,PLAYER210,3.02,3.02,false,2024-06-10T08:00:00Z,stable
CTRL-0236,ZCT1W-L4418568,PLAYER211,3.02,3.02,false,2024-06-10T08:00:00Z,stable
CTRL-0237,ZCT1W-W3567729,PLAYER212,3.02,3.02,false,2024-06-10T08:00:00Z,stable
CTRL-0238,ZCT2E-A3190232,PLAYER213,2.98,3.02,true,2024-06-10T08:00:00Z,stable
CTRL-0239,ZCT1W-W4720435,PLAYER214,3.02,3.02,false,2024-06-10T08:00:00Z,stable
CTRL-0240,ZCT1W-N5370124,PLAYER215,2.98,3.02,true,2024-06-10T08:00:00Z,stable
CTRL-0241,ZCT1W-W1388238,PLAYER216,3.00,3.02,true,2024-06-10T08:00:00Z,stable
CTRL-0242,ZCT2E-V3058301,PLAYER217,3.01,3.02,true,2024-06-10T08:00:00Z,stable
CTRL-0243,ZCT1W-C2298244,PLAYER218,3.02,3.02,false,2024-06-10T08:00:00Z,stable
CTRL-0244,ZCT2E-G7556539,PLAYER219,3.02,3.02,false,2024-06-10T08:00:00Z,stable
CTRL-0245,ZCT1W-R2280314,PLAYER220,3.02,3.02,false,2024-06-10T08:00:00Z,stable
CTRL-0246,ZCT2E-W8564486,PLAYER221,3.02,3.02,false,2024-06-10T08:00:00Z,stable
CTRL-0247,ZCT1W-F1527651,PLAYER221,3.02,3.02,false,2024-06-10T08:00:00Z,stable
CTRL-0248,ZCT2E-V1084130,PLAYER222,3.02,3.02,false,2024-06-10T08:00:00Z,stable
CTRL-0249,ZCT1W-G1495854,PLAYER223,2.98,3.02,true,2024-06-10T08:00:00Z,stable
CTRL-0250,ZCT1W-G7121849,PLAYER224,3.02,3.02,false,2024-06-10T08:00:00Z,stable
CTRL-0251,ZCT2E-E4686979,PLAYER225,3.02,3.02,false,2024-06-10T08:00:00Z,stable
CTRL-0252,ZCT2E-R4342651,PLAYER226,2.98,3.02,true,2024-06-10T08:00:00Z,stable
CTRL-0253,ZCT2E-Q9318172,PLAYER227,3.01,3.02,true,2024-06-10T08:00:00Z,stable
CTRL-0254,ZCT1W-J3901779,PLAYER228,3.02,3.02,false,2024-06-10T08:00:00Z,stable
CTRL-0255,ZCT2E-D6227531,PLAYER229,3.02,3.02,false,2024-06-10T08:00:00Z,stable
CTRL-0256,ZCT2E-P8485284,PLAYER230,3.02,3.02,false,2024-06-10T08:00:00Z,stable
CTRL-0257,ZCT2E-V2804542,PLAYER230,3.02,3.02,false,2024-06-10T08:00:00Z,stable
CTRL-0258,ZCT2E-M2078208,PLAYER231,3.01,3.02,true,2024-06-10T08:00:00Z,stable
CTRL-0259,ZCT2E-U7875441,PLAYER232,3.02,3.02,false,2024-06-10T08:00:00Z,stable
CTRL-0260,ZCT2E-A2923507,PLAYER233,3.02,3.02,false,2024-06-10T08:00:00Z,stable
CTRL-0261,ZCT2E-P4119134,PLAYER233,3.02,3.02,false,2024-06-10T08:00:00Z,stable
CTRL-0262,ZCT2E-M3433361,PLAYER234,3.02,3.02,false,2024-06-10T08:00:00Z,stable
CTRL-0263,ZCT2E-A6517512,PLAYER234,3.02,3.02,false,2024-06-10T08:00:00Z,stable
CTRL-0264,ZCT1W-T2111241,PLAYER235,3.00,3.02,true,2024-06-10T08:00:00Z,stable
CTRL-0265,ZCT1W-D5664879,PLAYER236,2.98,3.02,true,2024-06-10T08:00:00Z,stable
CTRL-0266,ZCT2E-X8301537,PLAYER237,3.02,3.02,false,2024-06-10T08:00:00Z,stable
CTRL-0267,ZCT1W-B9286841,PLAYER238,3.02,3.02,false,2024-06-10T08:00:00Z,stable
CTRL-0268,ZCT1W-D8596473,PLAYER239,3.02,3.02,false,2024-06-10T08:00:00Z,stable
CTRL-0269,ZCT2E-H1356829,PLAYER240,3.02,3.02,false,2024-06-10T08:00:00Z,stable
CTRL-0270,ZCT2E-K3198789,PLAYER241,3.02,3.02,false,2024-06-10T08:00:00Z,stable
CTRL-0271,ZCT1W-L1273003,PLAYER242,3.02,3.02,false,2024-06-10T08:00:00Z,stable
CTRL-0272,ZCT2E-K5608257,PLAYER243,3.02,3.02,false,2024-06-10T08:00:00Z,stable
CTRL-0273,ZCT1W-T6254198,PLAYER243,3.02,3.02,false,2024-06-10T08:00:00Z,stable
CTRL-0274,ZCT2E-Q9276815,PLAYER244,3.02,3.02,false,2024-06-10T08:00:00Z,stable
CTRL-0275,ZCT2E-V2723751,PLAYER244,3.02,3.02,false,2024-06-10T08:00:00Z,stable
CTRL-0276,ZCT1W-E2763884,PLAYER245,3.02,3.02,false,2024-06-10T08:00:00Z,stable
CTRL-0277,ZCT1W-C4207127,PLAYER246,3.00,3.02,true,2024-06-10T08:00:00Z,stable
CTRL-0278,ZCT1W-B5356836,PLAYER247,3.02,3.02,false,2024-06-10T08:00:00Z,stable
CTRL-0279,ZCT1W-K2258998,PLAYER248,3.02,3.02,false,2024-06-10T08:00:00Z,stable
CTRL-0280,ZCT1W-E8729158,PLAYER249,3.02,3.02,false,2024-06-10T08:00:00Z,stable
CTRL-0281,ZCT1W-U7933921,PLAYER250,3.02,3.02,false,2024-06-10T08:00:00Z,stable
CTRL-0282,ZCT1W-S9851473,PLAYER251,2.98,3.02,true,2024-06-10T08:00:00Z,stable
CTRL-0283,ZCT2E-J6400776,PLAYER251,2.98,3.02,true,2024-06-10T08:00:00Z,stable
CTRL-0284,ZCT1W-J5969984,PLAYER252,3.02,3.02,false,2024-06-10T08:00:00Z,stable
CTRL-0285,ZCT1W-X4454281,PLAYER253,3.00,3.02,true,2024-06-10T08:00:00Z,stable
CTRL-0286,ZCT1W-G1220253,PLAYER254,3.02,3.02,false,2024-06-10T08:00:00Z,stable
CTRL-0287,ZCT2E-G9181335,PLAYER254,3.02,3.02,false,2024-06-10T08:00:00Z,stable
CTRL-0288,ZCT2E-K8617224,PLAYER255,2.98,3.02,true,2024-06-10T08:00:00Z,stable
CTRL-0289,ZCT1W-H7100930,PLAYER256,3.02,3.02,false,2024-06-10T08:00:00Z,stable
CTRL-0290,ZCT1W-N4153336,PLAYER257,3.02,3.02,false,2024-06-10T08:00:00Z,stable
CTRL-0291,ZCT2E-F6153067,PLAYER258,3.01,3.02,true,2024-06-10T08:00:00Z,stable
CTRL-0292,ZCT2E-D2848835,PLAYER259,3.02,3.02,false,2024-06-10T08:00:00Z,stable
CTRL-0293,ZCT2E-A8989988,PLAYER259,3.02,3.02,false,2024-06-10T08:00:00Z,stable
CTRL-0294,ZCT2E-D2410406,PLAYER260,3.01,3.02,true,2024-06-10T08:00:00Z,stable
CTRL-0295,ZCT2E-S8228437,PLAYER261,3.02,3.02,false,2024-06-10T08:00:00Z,stable
CTRL-0296,ZCT2E-M2641024,PLAYER262,3.02,3.02,false,2024-06-10T08:00:00Z,stable
CTRL-0297,ZCT2E-G5932600,PLAYER263,3.02,3.02,false,2024-06-10T08:00:00Z,stable
CTRL-0298,ZCT2E-S9281506,PLAYER264,3.02,3.02,false,2024-06-10T08:00:00Z,stable
CTRL-0299,ZCT1W-W5176591,PLAYER265,3.02,3.02,false,2024-06-10T08:00:00Z,stable
CTRL-0300,ZCT1W-B5465729,PLAYER266,3.02,3.02,false,2024-06-10T08:00:00Z,stable
CTRL-0301,ZCT2E-H7787380,PLAYER267,2.98,3.02,true,2024-06-10T08:00:00Z,stable
CTRL-0302,ZCT2E-R4451163,PLAYER268,3.02,3.02,false,2024-06-10T08:00:00Z,stable
CTRL-0303,ZCT2E-V5831479,PLAYER268,3.02,3.02,false,2024-06-10T08:00:00Z,stable
CTRL-0304,ZCT2E-K5003370,PLAYER269,3.00,3.02,true,2024-06-10T08:00:00Z,stable
CTRL-0305,ZCT1W-L8637262,PLAYER270,3.02,3.02,false,2024-06-10T08:00:00Z,stable
CTRL-0306,ZCT2E-P6604498,PLAYER270,2.98,3.02,true,2024-06-10T08:00:00Z,stable
CTRL-0307,ZCT1W-F1163307,PLAYER271,3.01,3.02,true,2024-06-10T08:00:00Z,stable
CTRL-0308,ZCT1W-R5152535,PLAYER272,3.00,3.02,true,2024-06-10T08:00:00Z,stable
CTRL-0309,ZCT1W-U5876441,PLAYER273,3.00,3.02,true,2024-06-10T08:00:00Z,stable
CTRL-0310,ZCT1W-E2575550,PLAYER274,3.02,3.02,false,2024-06-10T08:00:00Z,stable
CTRL-0311,ZCT2E-M5317440,PLAYER275,2.98,3.02,true,2024-06-10T08:00:00Z,stable
CTRL-0312,ZCT2E-A6916088,PLAYER276,3.02,3.02,false,2024-06-10T08:00:00Z,stable
CTRL-0313,ZCT2E-D5528798,PLAYER277,3.02,3.02,false,2024-06-10T08:00:00Z,stable
CTRL-0314,ZCT2E-H3376209,PLAYER278,3.02,3.02,false,2024-06-10T08:00:00Z,stable
CTRL-0315,ZCT2E-M4461265,PLAYER279,2.98,3.02,true,2024-06-10T08:00:00Z,stable
CTRL-0316,ZCT2E-W2810792,PLAYER280,3.02,3.02,false,2024-06-10T08:00:00Z,stable
CTRL-0317,ZCT1W-J6852648,PLAYER281,3.02,3.02,false,2024-06-10T08:00:00Z,stable
CTRL-0318,ZCT2E-J6189583,PLAYER282,3.02,3.02,false,2024-06-10T08:00:00Z,stable
CTRL-0319,ZCT2E-V3062947,PLAYER283,2.98,3.02,true,2024-06-10T08:00:00Z,stable
CTRL-0320,ZCT2E-K2848691,PLAYER284,3.02,3.02,false,2024-06-10T08:00:00Z,stable
CTRL-0321,ZCT1W-Q3520403,PLAYER285,3.02,3.02,false,2024-06-10T08:00:00Z,stable
CTRL-0322,ZCT1W-K9167564,PLAYER286,3.02,3.02,false,2024-06-10T08:00:00Z,stable
CTRL-0323,ZCT2E-B4646113,PLAYER287,3.01,3.02,true,2024-06-10T08:00:00Z,stable
CTRL-0324,ZCT2E-K1085400,PLAYER288,3.00,3.02,true,2024-06-10T08:00:00Z,stable
CTRL-0325,ZCT2E-E6875686,PLAYER289,3.01,3.02,true,2024-06-10T08:00:00Z,stable
CTRL-0326,ZCT1W-C5541070,PLAYER290,3.02,3.02,false,2024-06-10T08:00:00Z,stable
CTRL-0327,ZCT1W-P2354222,PLAYER291,3.02,3.02,false,2024-06-10T08:00:00Z,stable
CTRL-0328,ZCT2E-H7480045,PLAYER291,3.02,3.02,false,2024-06-10T08:00:00Z,stable
CTRL-0329,ZCT2E-K6213281,PLAYER292,3.02,3.02,false,2024-06-10T08:00:00Z,stable
CTRL-0330,ZCT2E-U3334991,PLAYER292,3.02,3.02,false,2024-06-10T08:00:00Z,stable
CTRL-0331,ZCT1W-P4347443,PLAYER293,3.02,3.02,false,2024-06-10T08:00:00Z,stable
CTRL-0332,ZCT2E-T4076474,PLAYER294,3.02,3.02,false,2024-06-10T08:00:00Z,stable
CTRL-0333,ZCT1W-S8413874,PLAYER295,3.02,3.02,false,2024-06-10T08:00:00Z,stable
CTRL-0334,ZCT2E-Q6942386,PLAYER296,3.01,3.02,true,2024-06-10T08:00:00Z,stable
CTRL-0335,ZCT2E-Q1464274,PLAYER297,3.02,3.02,false,2024-06-10T08:00:00Z,stable
CTRL-0336,ZCT2E-C3358634,PLAYER298,3.02,3.02,false,2024-06-10T08:00:00Z,stable
CTRL-0337,ZCT1W-U9593404,PLAYER299,3.02,3.02,false,2024-06-10T08:00:00Z,stable
CTRL-0338,ZCT2E-E7760247,PLAYER300,3.02,3.02,false,2024-06-10T08:00:00Z,stable
CTRL-0339,ZCT2E-B2420343,PLAYER301,3.02,3.02,false,2024-06-10T08:00:00Z,stable
CTRL-0340,ZCT1W-K9077690,PLAYER302,3.02,3.02,false,2024-06-10T08:00:00Z,stable
CTRL-0341,ZCT1W-G9661473,PLAYER302,3.02,3.02,false,2024-06-10T08:00:00Z,stable
CTRL-0342,ZCT1W-X3596701,PLAYER303,3.02,3.02,false,2024-06-10T08:00:00Z,stable
CTRL-0343,ZCT1W-R4367185,PLAYER304,3.00,3.02,true,2024-06-10T08:00:00Z,stable
CTRL-0344,ZCT1W-S2625102,PLAYER305,3.02,3.02,false,2024-06-10T08:00:00Z,stable
CTRL-0345,ZCT1W-S8445994,PLAYER305,3.02,3.02,false,2024-06-10T08:00:00Z,stable
CTRL-0346,ZCT2E-R4087744,PLAYER306,3.02,3.02,false,2024-06-10T08:00:00Z,stable
CTRL-0347,ZCT2E-X3066894,PLAYER307,3.02,3.02,false,2024-06-10T08:00:00Z,stable
CTRL-0348,ZCT1W-X5037972,PLAYER308,3.00,3.02,true,2024-06-10T08:00:00Z,stable
CTRL-0349,ZCT2E-K5856148,PLAYER309,3.02,3.02,false,2024-06-10T08:00:00Z,stable
CTRL-0350,ZCT2E-N7472998,PLAYER310,3.02,3.02,false,2024-06-10T08:00:00Z,stable
CTRL-0351,ZCT2E-P3485821,PLAYER311,3.02,3.02,false,2024-06-10T08:00:00Z,stable
CTRL-0352,ZCT2E-A6079496,PLAYER312,3.02,3.02,false,2024-06-10T08:00:00Z,stable
CTRL-0353,ZCT2E-E8850178,PLAYER313,3.02,3.02,false,2024-06-10T08:00:00Z,stable
CTRL-0354,ZCT1W-F7002009,PLAYER313,3.02,3.02,false,2024-06-10T08:00:00Z,stable
CTRL-0355,ZCT2E-S7553588,PLAYER314,3.02,3.02,false,2024-06-10T08:00:00Z,stable
CTRL-0356,ZCT1W-M6692359,PLAYER315,3.02,3.02,false,2024-06-10T08:00:00Z,stable
CTRL-0357,ZCT2E-N2144375,PLAYER316,3.02,3.02,false,2024-06-10T08:00:00Z,stable
CTRL-0358,ZCT2E-V4026182,PLAYER317,2.98,3.02,true,2024-06-10T08:00:00Z,stable
CTRL-0359,ZCT2E-E6437103,PLAYER318,2.98,3.02,true,2024-06-10T08:00:00Z,stable
CTRL-0360,ZCT2E-C1753785,PLAYER319,3.00,3.02,true,2024-06-10T08:00:00Z,stable
CTRL-0361,ZCT1W-X2782083,PLAYER320,3.02,3.02,false,2024-06-10T08:00:00Z,stable
CTRL-0362,ZCT1W-H2768852,PLAYER321,3.02,3.02,false,2024-06-10T08:00:00Z,stable
CTRL-0363,ZCT2E-P2079947,PLAYER322,3.02,3.02,false,2024-06-10T08:00:00Z,stable
CTRL-0364,ZCT1W-C8407618,PLAYER323,3.02,3.02,false,2024-06-10T08:00:00Z,stable
CTRL-0365,ZCT1W-L2806251,PLAYER324,3.02,3.02,false,2024-06-10T08:00:00Z,stable
CTRL-0366,ZCT1W-G5236162,PLAYER325,2.98,3.02,true,2024-06-10T08:00:00Z,stable
CTRL-0367,ZCT2E-H4375454,PLAYER326,3.02,3.02,false,2024-06-10T08:00:00Z,stable
CTRL-0368,ZCT1W-C1406730,PLAYER327,3.02,3.02,false,2024-06-10T08:00:00Z,stable
CTRL-0369,ZCT1W-E1087850,PLAYER328,3.02,3.02,false,2024-06-10T08:00:00Z,stable
CTRL-0370,ZCT1W-L4108891,PLAYER329,3.02,3.02,false,2024-06-10T08:00:00Z,stable
CTRL-0371,ZCT1W-G8947918,PLAYER330,3.02,3.02,false,2024-06-10T08:00:00Z,stable
CTRL-0372,ZCT1W-C8363152,PLAYER331,3.02,3.02,false,2024-06-10T08:00:00Z,stable
CTRL-0373,ZCT1W-U2311035,PLAYER332,3.02,3.02,false,2024-06-10T08:00:00Z,stable
CTRL-0374,ZCT1W-D9367003,PLAYER333,3.02,3.02,false,2024-06-10T08:00:00Z,stable
CTRL-0375,ZCT1W-K5217487,PLAYER334,3.02,3.02,false,2024-06-10T08:00:00Z,stable
CTRL-0376,ZCT1W-K2254551,PLAYER334,3.02,3.02,false,2024-06-10T08:00:00Z,stable
CTRL-0377,ZCT2E-N1950399,PLAYER335,3.02,3.02,false,2024-06-10T08:00:00Z,stable
CTRL-0378,ZCT2E-J1502947,PLAYER336,3.02,3.02,false,2024-06-10T08:00:00Z,stable
CTRL-0379,ZCT1W-L1996431,PLAYER337,3.02,3.02,false,2024-06-10T08:00:00Z,stable
CTRL-0380,ZCT1W-H9280480,PLAYER338,2.98,3.02,true,2024-06-10T08:00:00Z,stable
CTRL-0381,ZCT1W-P2352134,PLAYER338,3.01,3.02,true,2024-06-10T08:00:00Z,stable
CTRL-0382,ZCT1W-J1700297,PLAYER339,3.00,3.02,true,2024-06-10T08:00:00Z,stable
CTRL-0383,ZCT1W-W6876348,PLAYER339,3.00,3.02,true,2024-06-10T08:00:00Z,stable
CTRL-0384,ZCT1W-A1928728,PLAYER340,2.98,3.02,true,2024-06-10T08:00:00Z,stable
CTRL-0385,ZCT2E-X1303581,PLAYER341,3.02,3.02,false,2024-06-10T08:00:00Z,stable
CTRL-0386,ZCT2E-E8209482,PLAYER342,3.02,3.02,false,2024-06-10T08:00:00Z,stable
CTRL-0387,ZCT1W-D8347629,PLAYER343,2.98,3.02,true,2024-06-10T08:00:00Z,stable
CTRL-0388,ZCT1W-L8323671,PLAYER344,3.02,3.02,false,2024-06-10T08:00:00Z,stable
CTRL-0389,ZCT1W-U1168605,PLAYER345,3.02,3.02,false,2024-06-10T08:00:00Z,stable
CTRL-0390,ZCT1W-A5193002,PLAYER345,3.02,3.02,false,2024-06-10T08:00:00Z,stable
CTRL-0391,ZCT1W-K1733490,PLAYER346,3.00,3.02,true,2024-06-10T08:00:00Z,stable
CTRL-0392,ZCT1W-V7674289,PLAYER347,3.02,3.02,false,2024-06-10T08:00:00Z,stable
CTRL-0393,ZCT1W-C5197640,PLAYER348,3.02,3.02,false,2024-06-10T08:00:00Z,stable
CTRL-0394,ZCT2E-H8441397,PLAYER349,3.02,3.02,false,2024-06-10T08:00:00Z,stable
CTRL-0395,ZCT2E-W5097093,PLAYER350,3.01,3.02,true,2024-06-10T08:00:00Z,stable
CTRL-0396,ZCT1W-B6815577,PLAYER351,3.00,3.02,true,2024-06-10T08:00:00Z,stable
CTRL-0397,ZCT1W-G3300684,PLAYER352,3.02,3.02,false,2024-06-10T08:00:00Z,stable
CTRL-0398,ZCT2E-T4536127,PLAYER353,3.02,3.02,false,2024-06-10T08:00:00Z,stable
CTRL-0399,ZCT1W-Q8612879,PLAYER354,3.02,3.02,false,2024-06-10T08:00:00Z,stable
CTRL-0400,ZCT1W-J5663517,PLAYER355,3.00,3.02,true,2024-06-10T08:00:00Z,stable
CTRL-0401,ZCT1W-B5682394,PLAYER356,3.02,3.02,false,2024-06-10T08:00:00Z,stable
CTRL-0402,ZCT1W-N7453578,PLAYER356,3.02,3.02,false,2024-06-10T08:00:00Z,stable
CTRL-0403,ZCT2E-F8232405,PLAYER357,3.02,3.02,false,2024-06-10T08:00:00Z,stable
CTRL-0404,ZCT2E-A6640806,PLAYER358,3.00,3.02,true,2024-06-10T08:00:00Z,stable
CTRL-0405,ZCT1W-A6720097,PLAYER359,3.02,3.02,false,2024-06-10T08:00:00Z,stable
CTRL-0406,ZCT2E-B2832243,PLAYER360,2.98,3.02,true,2024-06-10T08:00:00Z,stable
CTRL-0407,ZCT2E-P9705913,PLAYER361,3.00,3.02,true,2024-06-10T08:00:00Z,stable
CTRL-0408,ZCT1W-E1254735,PLAYER361,3.01,3.02,true,2024-06-10T08:00:00Z,stable
CTRL-0409,ZCT1W-T5963118,PLAYER362,3.02,3.02,false,2024-06-10T08:00:00Z,stable
CTRL-0410,ZCT2E-M5508832,PLAYER363,3.02,3.02,false,2024-06-10T08:00:00Z,stable
CTRL-0411,ZCT2E-U6385308,PLAYER364,3.01,3.02,true,2024-06-10T08:00:00Z,stable
CTRL-0412,ZCT2E-A8380453,PLAYER365,3.02,3.02,false,2024-06-10T08:00:00Z,stable
CTRL-0413,ZCT1W-M9056551,PLAYER366,3.02,3.02,false,2024-06-10T08:00:00Z,stable
CTRL-0414,ZCT1W-U2334575,PLAYER367,3.01,3.02,true,2024-06-10T08:00:00Z,stable
CTRL-0415,ZCT1W-Q4016609,PLAYER368,3.00,3.02,true,2024-06-10T08:00:00Z,stable
CTRL-0416,ZCT2E-E4815456,PLAYER369,2.98,3.02,true,2024-06-10T08:00:00Z,stable
CTRL-0417,ZCT1W-H2920094,PLAYER370,2.98,3.02,true,2024-06-10T08:00:00Z,stable
CTRL-0418,ZCT2E-U6323988,PLAYER371,3.02,3.02,false,2024-06-10T08:00:00Z,stable
CTRL-0419,ZCT2E-J1270418,PLAYER372,3.02,3.02,false,2024-06-10T08:00:00Z,stable
CTRL-0420,ZCT1W-V4937559,PLAYER373,3.02,3.02,false,2024-06-10T08:00:00Z,stable
CTRL-0421,ZCT2E-D9573753,PLAYER373,3.02,3.02,false,2024-06-10T08:00:00Z,stable
CTRL-0422,ZCT2E-X7978813,PLAYER374,3.02,3.02,false,2024-06-10T08:00:00Z,stable
CTRL-0423,ZCT2E-K3400475,PLAYER375,3.02,3.02,false,2024-06-10T08:00:00Z,stable
CTRL-0424,ZCT2E-W7286684,PLAYER376,3.01,3.02,true,2024-06-10T08:00:00Z,stable
CTRL-0425,ZCT1W-F7179080,PLAYER377,3.02,3.02,false,2024-06-10T08:00:00Z,stable
CTRL-0426,ZCT1W-D4548039,PLAYER378,3.02,3.02,false,2024-06-10T08:00:00Z,stable
CTRL-0427,ZCT2E-G7355875,PLAYER379,3.02,3.02,false,2024-06-10T08:00:00Z,stable
CTRL-0428,ZCT1W-N2316088,PLAYER380,2.98,3.02,true,2024-06-10T08:00:00Z,stable
CTRL-0429,ZCT2E-T3034109,PLAYER381,3.02,3.02,false,2024-06-10T08:00:00Z,stable
CTRL-0430,ZCT1W-V8924368,PLAYER382,3.02,3.02,false,2024-06-10T08:00:00Z,stable
CTRL-0431,ZCT2E-J4271952,PLAYER382,3.02,3.02,false,2024-06-10T08:00:00Z,stable
CTRL-0432,ZCT1W-L5078093,PLAYER383,3.02,3.02,false,2024-06-10T08:00:00Z,stable
CTRL-0433,ZCT2E-L2936374,PLAYER384,2.98,3.02,true,2024-06-10T08:00:00Z,stable
CTRL-0434,ZCT2E-M2336977,PLAYER385,3.02,3.02,false,2024-06-10T08:00:00Z,stable
CTRL-0435,ZCT2E-W9122764,PLAYER386,3.02,3.02,false,2024-06-10T08:00:00Z,stable
CTRL-0436,ZCT2E-H3101870,PLAYER387,3.02,3.02,false,2024-06-10T08:00:00Z,stable
CTRL-0437,ZCT2E-X3317607,PLAYER388,3.02,3.02,false,2024-06-10T08:00:00Z,stable
CTRL-0438,ZCT2E-D2367443,PLAYER389,3.02,3.02,false,2024-06-10T08:00:00Z,stable
CTRL-0439,ZCT2E-W4323637,PLAYER390,3.02,3.02,false,2024-06-10T08:00:00Z,stable
CTRL-0440,ZCT2E-A3797952,PLAYER391,3.02,3.02,false,2024-06-10T08:00:00Z,stable
CTRL-0441,ZCT2E-D3120605,PLAYER391,3.02,3.02,false,2024-06-10T08:00:00Z,stable
CTRL-0442,ZCT1W-C3220930,PLAYER392,3.02,3.02,false,2024-06-10T08:00:00Z,stable
CTRL-0443,ZCT2E-P6945304,PLAYER393,3.02,3.02,false,2024-06-10T08:00:00Z,stable
CTRL-0444,ZCT2E-D6650705,PLAYER394,3.02,3.02,false,2024-06-10T08:00:00Z,stable
CTRL-0445,ZCT1W-B2237362,PLAYER395,3.00,3.02,true,2024-06-10T08:00:00Z,stable
CTRL-0446,ZCT2E-P8545615,PLAYER395,3.02,3.02,false,2024-06-10T08:00:00Z,stable
CTRL-0447,ZCT2E-E4077793,PLAYER396,3.02,3.02,false,2024-06-10T08:00:00Z,stable
CTRL-0448,ZCT1W-A7205454,PLAYER397,3.02,3.02,false,2024-06-10T08:00:00Z,stable
CTRL-0449,ZCT2E-Q3964907,PLAYER397,3.02,3.02,false,2024-06-10T08:00:00Z,stable
CTRL-0450,ZCT1W-H5988680,PLAYER398,3.02,3.02,false,2024-06-10T08:00:00Z,stable
CTRL-0451,ZCT2E-K6415686,PLAYER399,3.02,3.02,false,2024-06-10T08:00:00Z,stable
CTRL-0452,ZCT1W-B4534635,PLAYER399,3.02,3.02,false,2024-06-10T08:00:00Z,stable
CTRL-0453,ZCT2E-D6827492,PLAYER400,3.00,3.02,true,2024-06-10T08:00:00Z,stable
CTRL-0454,ZCT2E-R8363801,PLAYER401,3.02,3.02,false,2024-06-10T08:00:00Z,stable
CTRL-0455,ZCT2E-V2780388,PLAYER402,2.98,3.02,true,2024-06-10T08:00:00Z,stable
CTRL-0456,ZCT1W-G9534539,PLAYER403,2.98,3.02,true,2024-06-10T08:00:00Z,stable
CTRL-0457,ZCT1W-T4273782,PLAYER404,3.02,3.02,false,2024-06-10T08:00:00Z,stable
CTRL-0458,ZCT1W-K8155525,PLAYER405,3.02,3.02,false,2024-06-10T08:00:00Z,stable
CTRL-0459,ZCT2E-K2839032,PLAYER406,3.02,3.02,false,2024-06-10T08:00:00Z,stable
CTRL-0460,ZCT2E-R5413356,PLAYER407,3.02,3.02,false,2024-06-10T08:00:00Z,stable
CTRL-0461,ZCT1W-M2326525,PLAYER408,3.02,3.02,false,2024-06-10T08:00:00Z,stable
CTRL-0462,ZCT1W-L3629445,PLAYER409,3.01,3.02,true,2024-06-10T08:00:00Z,stable
CTRL-0463,ZCT1W-L1643521,PLAYER410,3.02,3.02,false,2024-06-10T08:00:00Z,stable
CTRL-0464,ZCT1W-T1597875,PLAYER411,3.01,3.02,true,2024-06-10T08:00:00Z,stable
CTRL-0465,ZCT1W-U7311740,PLAYER412,3.02,3.02,false,2024-06-10T08:00:00Z,stable
CTRL-0466,ZCT1W-J8887227,PLAYER413,3.02,3.02,false,2024-06-10T08:00:00Z,stable
CTRL-0467,ZCT2E-K3211101,PLAYER414,3.02,3.02,false,2024-06-10T08:00:00Z,stable
CTRL-0468,ZCT1W-S4593496,PLAYER414,3.00,3.02,true,2024-06-10T08:00:00Z,stable
CTRL-0469,ZCT1W-F1651169,PLAYER415,3.01,3.02,true,2024-06-10T08:00:00Z,stable
CTRL-0470,ZCT2E-W4937877,PLAYER416,3.02,3.02,false,2024-06-10T08:00:00Z,stable
CTRL-0471,ZCT1W-K4890524,PLAYER416,3.02,3.02,false,2024-06-10T08:00:00Z,stable
CTRL-0472,ZCT2E-V6991611,PLAYER417,3.02,3.02,false,2024-06-10T08:00:00Z,stable
CTRL-0473,ZCT1W-D5819613,PLAYER418,2.98,3.02,true,2024-06-10T08:00:00Z,stable
CTRL-0474,ZCT1W-X8128056,PLAYER419,2.98,3.02,true,2024-06-10T08:00:00Z,stable
CTRL-0475,ZCT2E-X2904822,PLAYER420,3.02,3.02,false,2024-06-10T08:00:00Z,stable
CTRL-0476,ZCT1W-R9206984,PLAYER421,3.00,3.02,true,2024-06-10T08:00:00Z,stable
CTRL-0477,ZCT2E-J9514225,PLAYER422,3.02,3.02,false,2024-06-10T08:00:00Z,stable
CTRL-0478,ZCT2E-J6328751,PLAYER423,3.01,3.02,true,2024-06-10T08:00:00Z,stable
CTRL-0479,ZCT2E-J1916595,PLAYER424,3.02,3.02,false,2024-06-10T08:00:00Z,stable
CTRL-0480,ZCT1W-K8510091,PLAYER425,3.02,3.02,false,2024-06-10T08:00:00Z,stable
CTRL-0481,ZCT1W-W2850788,PLAYER426,3.02,3.02,false,2024-06-10T08:00:00Z,stable
CTRL-0482,ZCT1W-A7361721,PLAYER427,3.02,3.02,false,2024-06-10T08:00:00Z,stable
CTRL-0483,ZCT2E-T2064762,PLAYER428,3.02,3.02,false,2024-06-10T08:00:00Z,stable
CTRL-0484,ZCT2E-T4329267,PLAYER428,3.02,3.02,false,2024-06-10T08:00:00Z,stable
CTRL-0485,ZCT1W-K3707912,PLAYER429,3.02,3.02,false,2024-06-10T08:00:00Z,stable
CTRL-0486,ZCT1W-T5172556,PLAYER430,3.00,3.02,true,2024-06-10T08:00:00Z,stable
CTRL-0487,ZCT1W-S2720012,PLAYER431,3.02,3.02,false,2024-06-10T08:00:00Z,stable
CTRL-0488,ZCT1W-K6057767,PLAYER432,3.02,3.02,false,2024-06-10T08:00:00Z,stable
CTRL-0489,ZCT2E-D7339384,PLAYER433,3.02,3.02,false,2024-06-10T08:00:00Z,stable
CTRL-0490,ZCT2E-C2283911,PLAYER434,3.02,3.02,false,2024-06-10T08:00:00Z,stable
CTRL-0491,ZCT1W-T3547579,PLAYER435,3.01,3.02,true,2024-06-10T08:00:00Z,stable
CTRL-0492,ZCT2E-L8132878,PLAYER436,3.02,3.02,false,2024-06-10T08:00:00Z,stable
CTRL-0493,ZCT2E-Q4400182,PLAYER437,3.02,3.02,false,2024-06-10T08:00:00Z,stable
CTRL-0494,ZCT2E-P2561327,PLAYER438,3.01,3.02,true,2024-06-10T08:00:00Z,stable
CTRL-0495,ZCT2E-R5771825,PLAYER439,3.00,3.02,true,2024-06-10T08:00:00Z,stable
CTRL-0496,ZCT1W-N1288778,PLAYER440,3.01,3.02,true,2024-06-10T08:00:00Z,stable
CTRL-0497,ZCT2E-T2817044,PLAYER441,3.02,3.02,false,2024-06-10T08:00:00Z,stable
CTRL-0498,ZCT1W-Q7204577,PLAYER442,2.98,3.02,true,2024-06-10T08:00:00Z,stable
CTRL-0499,ZCT2E-L3412081,PLAYER443,3.02,3.02,false,2024-06-10T08:00:00Z,stable
CTRL-0500,ZCT1W-G9217672,PLAYER443,3.02,3.02,false,2024-06-10T08:00:00Z,stable
CTRL-0501,ZCT2E-V8944257,PLAYER444,3.02,3.02,false,2024-06-10T08:00:00Z,stable
CTRL-0502,ZCT2E-J7909840,PLAYER445,3.02,3.02,false,2024-06-10T08:00:00Z,stable
CTRL-0503,ZCT1W-B6392918,PLAYER446,2.98,3.02,true,2024-06-10T08:00:00Z,stable
CTRL-0504,ZCT1W-J4510199,PLAYER447,3.02,3.02,false,2024-06-10T08:00:00Z,stable
CTRL-0505,ZCT2E-L4955049,PLAYER448,3.02,3.02,false,2024-06-10T08:00:00Z,stable
CTRL-0506,ZCT1W-D8142094,PLAYER449,3.02,3.02,false,2024-06-10T08:00:00Z,stable
CTRL-0507,ZCT1W-F9723129,PLAYER450,3.02,3.02,false,2024-06-10T08:00:00Z,stable
CTRL-0508,ZCT2E-D1655350,PLAYER450,3.02,3.02,false,2024-06-10T08:00:00Z,stable
CTRL-0509,ZCT2E-E8015348,PLAYER451,3.02,3.02,false,2024-06-10T08:00:00Z,stable
CTRL-0510,ZCT2E-K5548431,PLAYER452,3.02,3.02,false,2024-06-10T08:00:00Z,stable
CTRL-0511,ZCT1W-E5868694,PLAYER452,3.02,3.02,false,2024-06-10T08:00:00Z,stable
CTRL-0512,ZCT2E-S5215097,PLAYER453,3.02,3.02,false,2024-06-10T08:00:00Z,stable
CTRL-0513,ZCT2E-E3755459,PLAYER454,3.01,3.02,true,2024-06-10T08:00:00Z,stable
CTRL-0514,ZCT2E-A6329920,PLAYER455,3.02,3.02,false,2024-06-10T08:00:00Z,stable
CTRL-0515,ZCT1W-A6231815,PLAYER456,3.02,3.02,false,2024-06-10T08:00:00Z,stable
CTRL-0516,ZCT1W-T8693923,PLAYER457,3.02,3.02,false,2024-06-10T08:00:00Z,stable
CTRL-0517,ZCT2E-V3624846,PLAYER458,3.02,3.02,false,2024-06-10T08:00:00Z,stable
CTRL-0518,ZCT1W-G5606698,PLAYER459,3.02,3.02,false,2024-06-10T08:00:00Z,stable
CTRL-0519,ZCT2E-M7765720,PLAYER459,3.02,3.02,false,2024-06-10T08:00:00Z,stable
CTRL-0520,ZCT1W-D4631285,PLAYER460,2.98,3.02,true,2024-06-10T08:00:00Z,stable
CTRL-0521,ZCT1W-E9763038,PLAYER461,3.02,3.02,false,2024-06-10T08:00:00Z,stable
CTRL-0522,ZCT2E-V8942448,PLAYER461,3.00,3.02,true,2024-06-10T08:00:00Z,stable
CTRL-0523,ZCT1W-G2532401,PLAYER462,2.98,3.02,true,2024-06-10T08:00:00Z,stable
CTRL-0524,ZCT1W-R1004141,PLAYER463,3.02,3.02,false,2024-06-10T08:00:00Z,stable
CTRL-0525,ZCT2E-P8913629,PLAYER464,3.02,3.02,false,2024-06-10T08:00:00Z,stable
CTRL-0526,ZCT1W-H7597584,PLAYER465,2.98,3.02,true,2024-06-10T08:00:00Z,stable
CTRL-0527,ZCT2E-M6230495,PLAYER466,3.02,3.02,false,2024-06-10T08:00:00Z,stable
CTRL-0528,ZCT1W-V4588635,PLAYER467,3.02,3.02,false,2024-06-10T08:00:00Z,stable
CTRL-0529,ZCT2E-E8335724,PLAYER467,2.98,3.02,true,2024-06-10T08:00:00Z,stable
CTRL-0530,ZCT2E-X3017289,PLAYER468,3.02,3.02,false,2024-06-10T08:00:00Z,stable
CTRL-0531,ZCT2E-F1424388,PLAYER469,3.02,3.02,false,2024-06-10T08:00:00Z,stable
CTRL-0532,ZCT2E-P4586632,PLAYER470,3.01,3.02,true,2024-06-10T08:00:00Z,stable
CTRL-0533,ZCT2E-F1179053,PLAYER471,3.02,3.02,false,2024-06-10T08:00:00Z,stable
CTRL-0534,ZCT1W-A6207491,PLAYER472,3.01,3.02,true,2024-06-10T08:00:00Z,stable
CTRL-0535,ZCT2E-S1218011,PLAYER473,3.02,3.02,false,2024-06-10T08:00:00Z,stable
CTRL-0536,ZCT2E-W9031838,PLAYER474,3.02,3.02,false,2024-06-10T08:00:00Z,stable
CTRL-0537,ZCT2E-J1960109,PLAYER475,3.02,3.02,false,2024-06-10T08:00:00Z,stable
CTRL-0538,ZCT2E-V8624921,PLAYER476,3.02,3.02,false,2024-06-10T08:00:00Z,stable
CTRL-0539,ZCT1W-B7199749,PLAYER477,3.02,3.02,false,2024-06-10T08:00:00Z,stable
CTRL-0540,ZCT1W-E2389566,PLAYER478,3.02,3.02,false,2024-06-10T08:00:00Z,stable
CTRL-0541,ZCT2E-W2045647,PLAYER479,3.02,3.02,false,2024-06-10T08:00:00Z,stable
CTRL-0542,ZCT1W-W1279750,PLAYER480,3.02,3.02,false,2024-06-10T08:00:00Z,stable
CTRL-0543,ZCT1W-U7144765,PLAYER481,3.00,3.02,true,2024-06-10T08:00:00Z,stable
CTRL-0544,ZCT1W-C4236994,PLAYER482,3.00,3.02,true,2024-06-10T08:00:00Z,stable
CTRL-0545,ZCT2E-C3895499,PLAYER483,3.02,3.02,false,2024-06-10T08:00:00Z,stable
CTRL-0546,ZCT1W-S7866101,PLAYER483,3.02,3.02,false,2024-06-10T08:00:00Z,stable
CTRL-0547,ZCT2E-T6883514,PLAYER484,3.02,3.02,false,2024-06-10T08:00:00Z,stable
CTRL-0548,ZCT1W-U8767941,PLAYER485,3.02,3.02,false,2024-06-10T08:00:00Z,stable
CTRL-0549,ZCT1W-F6326787,PLAYER486,3.02,3.02,false,2024-06-10T08:00:00Z,stable
CTRL-0550,ZCT1W-A4649478,PLAYER487,3.00,3.02,true,2024-06-10T08:00:00Z,stable
CTRL-0551,ZCT1W-K4205892,PLAYER488,3.02,3.02,false,2024-06-10T08:00:00Z,stable
CTRL-0552,ZCT1W-N5816345,PLAYER489,3.02,3.02,false,2024-06-10T08:00:00Z,stable
CTRL-0553,ZCT2E-P4790986,PLAYER490,3.02,3.02,false,2024-06-10T08:00:00Z,stable
CTRL-0554,ZCT1W-F5948143,PLAYER491,3.01,3.02,true,2024-06-10T08:00:00Z,stable
CTRL-0555,ZCT1W-R6958480,PLAYER491,3.01,3.02,true,2024-06-10T08:00:00Z,stable
CTRL-0556,ZCT2E-W3860089,PLAYER492,2.98,3.02,true,2024-06-10T08:00:00Z,stable
CTRL-0557,ZCT1W-P6820377,PLAYER492,3.01,3.02,true,2024-06-10T08:00:00Z,stable
CTRL-0558,ZCT2E-S5512234,PLAYER493,3.02,3.02,false,2024-06-10T08:00:00Z,stable
CTRL-0559,ZCT1W-Q5376268,PLAYER494,3.01,3.02,true,2024-06-10T08:00:00Z,stable
CTRL-0560,ZCT1W-R3345711,PLAYER495,3.01,3.02,true,2024-06-10T08:00:00Z,stable
CTRL-0561,ZCT2E-X1567905,PLAYER496,3.02,3.02,false,2024-06-10T08:00:00Z,stable
CTRL-0562,ZCT2E-A3663391,PLAYER497,3.02,3.02,false,2024-06-10T08:00:00Z,stable
CTRL-0563,ZCT1W-F7006319,PLAYER498,3.02,3.02,false,2024-06-10T08:00:00Z,stable
CTRL-0564,ZCT1W-A8365343,PLAYER498,3.02,3.02,false,2024-06-10T08:00:00Z,stable
CTRL-0565,ZCT2E-N8945220,PLAYER499,3.02,3.02,false,2024-06-10T08:00:00Z,stable
CTRL-0566,ZCT2E-V6668656,PLAYER500,3.02,3.02,false,2024-06-10T08:00:00Z,stable
CTRL-0567,ZCT1W-H9505390,PLAYER501,3.02,3.02,false,2024-06-10T08:00:00Z,stable
CTRL-0568,ZCT2E-U7723471,PLAYER501,3.02,3.02,false,2024-06-10T08:00:00Z,stable
CTRL-0569,ZCT1W-K9792694,PLAYER502,3.02,3.02,false,2024-06-10T08:00:00Z,stable
CTRL-0570,ZCT2E-B2516637,PLAYER503,3.02,3.02,false,2024-06-10T08:00:00Z,stable
CTRL-0571,ZCT1W-M8695935,PLAYER504,2.98,3.02,true,2024-06-10T08:00:00Z,stable
CTRL-0572,ZCT1W-G3886829,PLAYER505,3.02,3.02,false,2024-06-10T08:00:00Z,stable
CTRL-0573,ZCT1W-F4962502,PLAYER506,3.01,3.02,true,2024-06-10T08:00:00Z,stable
CTRL-0574,ZCT1W-E7279004,PLAYER507,3.02,3.02,false,2024-06-10T08:00:00Z,stable
CTRL-0575,ZCT1W-R7611016,PLAYER508,3.02,3.02,false,2024-06-10T08:00:00Z,stable
CTRL-0576,ZCT2E-Q5072535,PLAYER508,3.02,3.02,false,2024-06-10T08:00:00Z,stable
CTRL-0577,ZCT1W-L3240199,PLAYER509,3.02,3.02,false,2024-06-10T08:00:00Z,stable
CTRL-0578,ZCT2E-X8123479,PLAYER510,3.02,3.02,false,2024-06-10T08:00:00Z,stable
CTRL-0579,ZCT2E-R1451244,PLAYER511,3.02,3.02,false,2024-06-10T08:00:00Z,stable
CTRL-0580,ZCT1W-M7078057,PLAYER512,3.02,3.02,false,2024-06-10T08:00:00Z,stable
CTRL-0581,ZCT2E-C4859992,PLAYER513,2.98,3.02,true,2024-06-10T08:00:00Z,stable
CTRL-0582,ZCT1W-K8304810,PLAYER514,3.02,3.02,false,2024-06-10T08:00:00Z,stable
CTRL-0583,ZCT2E-W4017812,PLAYER514,2.98,3.02,true,2024-06-10T08:00:00Z,stable
CTRL-0584,ZCT2E-X9064003,PLAYER515,3.02,3.02,false,2024-06-10T08:00:00Z,stable
CTRL-0585,ZCT1W-N9679668,PLAYER516,3.01,3.02,true,2024-06-10T08:00:00Z,stable
CTRL-0586,ZCT1W-M2701295,PLAYER517,2.98,3.02,true,2024-06-10T08:00:00Z,stable
CTRL-0587,ZCT1W-F6352364,PLAYER518,3.02,3.02,false,2024-06-10T08:00:00Z,stable
CTRL-0588,ZCT2E-A9156065,PLAYER519,3.02,3.02,false,2024-06-10T08:00:00Z,stable
CTRL-0589,ZCT1W-K8130001,PLAYER520,3.02,3.02,false,2024-06-10T08:00:00Z,stable
CTRL-0590,ZCT1W-V8554276,PLAYER521,3.02,3.02,false,2024-06-10T08:00:00Z,stable
CTRL-0591,ZCT2E-T7121365,PLAYER521,3.02,3.02,false,2024-06-10T08:00:00Z,stable
CTRL-0592,ZCT2E-X2342330,PLAYER522,2.98,3.02,true,2024-06-10T08:00:00Z,stable
CTRL-0593,ZCT2E-G9638526,PLAYER523,3.02,3.02,false,2024-06-10T08:00:00Z,stable
CTRL-0594,ZCT1W-Q5726375,PLAYER524,3.02,3.02,false,2024-06-10T08:00:00Z,stable
CTRL-0595,ZCT2E-B7195765,PLAYER525,3.02,3.02,false,2024-06-10T08:00:00Z,stable
CTRL-0596,ZCT2E-A5483468,PLAYER526,3.01,3.02,true,2024-06-10T08:00:00Z,stable
CTRL-0597,ZCT1W-Q6446430,PLAYER527,3.00,3.02,true,2024-06-10T08:00:00Z,stable
CTRL-0598,ZCT1W-M1614253,PLAYER528,3.01,3.02,true,2024-06-10T08:00:00Z,stable
CTRL-0599,ZCT1W-C9975562,PLAYER529,3.02,3.02,false,2024-06-10T08:00:00Z,stable
CTRL-0600,ZCT1W-W9278722,PLAYER530,3.02,3.02,false,2024-06-10T08:00:00Z,stable
CTRL-0601,ZCT2E-V5095330,PLAYER531,2.98,3.02,true,2024-06-10T08:00:00Z,stable
CTRL-0602,ZCT2E-B2284063,PLAYER532,3.02,3.02,false,2024-06-10T08:00:00Z,stable
CTRL-0603,ZCT1W-N9600542,PLAYER532,3.02,3.02,false,2024-06-10T08:00:00Z,stable
CTRL-0604,ZCT2E-P7723294,PLAYER533,3.02,3.02,false,2024-06-10T08:00:00Z,stable
CTRL-0605,ZCT1W-P2953294,PLAYER534,3.02,3.02,false,2024-06-10T08:00:00Z,stable
CTRL-0606,ZCT1W-B7278644,PLAYER535,3.02,3.02,false,2024-06-10T08:00:00Z,stable
CTRL-0607,ZCT2E-J4115755,PLAYER536,3.01,3.02,true,2024-06-10T08:00:00Z,stable
CTRL-0608,ZCT2E-F5780038,PLAYER537,3.02,3.02,false,2024-06-10T08:00:00Z,stable
CTRL-0609,ZCT1W-P3177128,PLAYER537,3.02,3.02,false,2024-06-10T08:00:00Z,stable
CTRL-0610,ZCT2E-D4713195,PLAYER538,3.02,3.02,false,2024-06-10T08:00:00Z,stable
CTRL-0611,ZCT1W-V5829008,PLAYER539,3.02,3.02,false,2024-06-10T08:00:00Z,stable
CTRL-0612,ZCT2E-W6515543,PLAYER540,3.02,3.02,false,2024-06-10T08:00:00Z,stable
CTRL-0613,ZCT1W-L6714252,PLAYER541,3.02,3.02,false,2024-06-10T08:00:00Z,stable
CTRL-0614,ZCT2E-R4533909,PLAYER542,3.02,3.02,false,2024-06-10T08:00:00Z,stable
CTRL-0615,ZCT2E-J7760181,PLAYER543,3.02,3.02,false,2024-06-10T08:00:00Z,stable
CTRL-0616,ZCT2E-T6793159,PLAYER544,3.02,3.02,false,2024-06-10T08:00:00Z,stable
CTRL-0617,ZCT2E-K6290495,PLAYER545,3.02,3.02,false,2024-06-10T08:00:00Z,stable
CTRL-0618,ZCT1W-V3797337,PLAYER546,3.01,3.02,true,2024-06-10T08:00:00Z,stable
CTRL-0619,ZCT1W-K9233534,PLAYER547,3.02,3.02,false,2024-06-10T08:00:00Z,stable
CTRL-0620,ZCT1W-N3071885,PLAYER548,3.01,3.02,true,2024-06-10T08:00:00Z,stable
CTRL-0621,ZCT1W-U5854470,PLAYER548,3.00,3.02,true,2024-06-10T08:00:00Z,stable
CTRL-0622,ZCT2E-T7853764,PLAYER549,3.02,3.02,false,2024-06-10T08:00:00Z,stable
CTRL-0623,ZCT2E-L7093060,PLAYER550,3.02,3.02,false,2024-06-10T08:00:00Z,stable
CTRL-0624,ZCT2E-H7777424,PLAYER551,2.98,3.02,true,2024-06-10T08:00:00Z,stable
CTRL-0625,ZCT2E-F3980080,PLAYER552,3.02,3.02,false,2024-06-10T08:00:00Z,stable
CTRL-0626,ZCT1W-T6604510,PLAYER552,3.02,3.02,false,2024-06-10T08:00:00Z,stable
CTRL-0627,ZCT2E-P7883587,PLAYER553,3.02,3.02,false,2024-06-10T08:00:00Z,stable
CTRL-0628,ZCT1W-E9445000,PLAYER554,3.00,3.02,true,2024-06-10T08:00:00Z,stable
CTRL-0629,ZCT1W-L5193310,PLAYER555,3.02,3.02,false,2024-06-10T08:00:00Z,stable
CTRL-0630,ZCT1W-M1381170,PLAYER556,3.02,3.02,false,2024-06-10T08:00:00Z,stable
CTRL-0631,ZCT1W-F8680087,PLAYER557,3.02,3.02,false,2024-06-10T08:00:00Z,stable
CTRL-0632,ZCT2E-G6414413,PLAYER558,2.98,3.02,true,2024-06-10T08:00:00Z,stable
CTRL-0633,ZCT1W-G8737309,PLAYER558,3.00,3.02,true,2024-06-10T08:00:00Z,stable
CTRL-0634,ZCT1W-Q9392214,PLAYER559,3.02,3.02,false,2024-06-10T08:00:00Z,stable
CTRL-0635,ZCT2E-F5108127,PLAYER560,3.02,3.02,false,2024-06-10T08:00:00Z,stable
CTRL-0636,ZCT1W-X7817366,PLAYER561,2.98,3.02,true,2024-06-10T08:00:00Z,stable
CTRL-0637,ZCT2E-C7997602,PLAYER562,3.02,3.02,false,2024-06-10T08:00:00Z,stable
CTRL-0638,ZCT1W-Q9066612,PLAYER563,3.02,3.02,false,2024-06-10T08:00:00Z,stable
CTRL-0639,ZCT2E-B7096391,PLAYER564,3.02,3.02,false,2024-06-10T08:00:00Z,stable
CTRL-0640,ZCT2E-P3081328,PLAYER565,3.02,3.02,false,2024-06-10T08:00:00Z,stable
CTRL-0641,ZCT1W-F7148254,PLAYER566,2.98,3.02,true,2024-06-10T08:00:00Z,stable
CTRL-0642,ZCT1W-R4524641,PLAYER566,3.00,3.02,true,2024-06-10T08:00:00Z,stable
CTRL-0643,ZCT1W-Q9247292,PLAYER567,3.02,3.02,false,2024-06-10T08:00:00Z,stable
CTRL-0644,ZCT2E-Q6547574,PLAYER568,3.02,3.02,false,2024-06-10T08:00:00Z,stable
CTRL-0645,ZCT2E-V1599695,PLAYER569,3.02,3.02,false,2024-06-10T08:00:00Z,stable
CTRL-0646,ZCT2E-A4708126,PLAYER570,3.00,3.02,true,2024-06-10T08:00:00Z,stable
CTRL-0647,ZCT2E-K3655874,PLAYER571,3.02,3.02,false,2024-06-10T08:00:00Z,stable
CTRL-0648,ZCT2E-X5947259,PLAYER572,3.02,3.02,false,2024-06-10T08:00:00Z,stable
CTRL-0649,ZCT1W-E5904531,PLAYER573,3.02,3.02,false,2024-06-10T08:00:00Z,stable
CTRL-0650,ZCT1W-A4551099,PLAYER574,3.01,3.02,true,2024-06-10T08:00:00Z,stable
CTRL-0651,ZCT1W-J7109621,PLAYER575,3.00,3.02,true,2024-06-10T08:00:00Z,stable
CTRL-0652,ZCT2E-V3859007,PLAYER576,2.98,3.02,true,2024-06-10T08:00:00Z,stable
CTRL-0653,ZCT2E-S7280761,PLAYER577,3.02,3.02,false,2024-06-10T08:00:00Z,stable
CTRL-0654,ZCT1W-S9087498,PLAYER578,3.02,3.02,false,2024-06-10T08:00:00Z,stable
CTRL-0655,ZCT1W-L4771940,PLAYER579,3.02,3.02,false,2024-06-10T08:00:00Z,stable
CTRL-0656,ZCT2E-V3006411,PLAYER580,3.02,3.02,false,2024-06-10T08:00:00Z,stable
CTRL-0657,ZCT2E-Q1204695,PLAYER580,3.02,3.02,false,2024-06-10T08:00:00Z,stable
CTRL-0658,ZCT1W-G7099530,PLAYER581,3.02,3.02,false,2024-06-10T08:00:00Z,stable
CTRL-0659,ZCT1W-L9513036,PLAYER582,3.01,3.02,true,2024-06-10T08:00:00Z,stable
CTRL-0660,ZCT1W-B8493255,PLAYER583,3.02,3.02,false,2024-06-10T08:00:00Z,stable
CTRL-0661,ZCT2E-F5111878,PLAYER584,3.02,3.02,false,2024-06-10T08:00:00Z,stable
CTRL-0662,ZCT1W-V5458768,PLAYER585,3.02,3.02,false,2024-06-10T08:00:00Z,stable
CTRL-0663,ZCT1W-C3223802,PLAYER586,2.98,3.02,true,2024-06-10T08:00:00Z,stable
CTRL-0664,ZCT1W-H9007468,PLAYER587,3.02,3.02,false,2024-06-10T08:00:00Z,stable
CTRL-0665,ZCT1W-L2225651,PLAYER588,2.98,3.02,true,2024-06-10T08:00:00Z,stable
CTRL-0666,ZCT1W-R4311759,PLAYER589,3.02,3.02,false,2024-06-10T08:00:00Z,stable
CTRL-0667,ZCT2E-K1161102,PLAYER590,3.02,3.02,false,2024-06-10T08:00:00Z,stable
CTRL-0668,ZCT2E-W4268180,PLAYER590,3.02,3.02,false,2024-06-10T08:00:00Z,stable
CTRL-0669,ZCT2E-P5542317,PLAYER591,3.02,3.02,false,2024-06-10T08:00:00Z,stable
CTRL-0670,ZCT2E-S5760630,PLAYER592,3.02,3.02,false,2024-06-10T08:00:00Z,stable
CTRL-0671,ZCT1W-L5618572,PLAYER593,3.02,3.02,false,2024-06-10T08:00:00Z,stable
CTRL-0672,ZCT2E-D4056477,PLAYER594,3.02,3.02,false,2024-06-10T08:00:00Z,stable
CTRL-0673,ZCT2E-R3736881,PLAYER594,3.02,3.02,false,2024-06-10T08:00:00Z,stable
CTRL-0674,ZCT2E-D8435634,PLAYER595,3.02,3.02,false,2024-06-10T08:00:00Z,stable
CTRL-0675,ZCT1W-H4577178,PLAYER596,3.02,3.02,false,2024-06-10T08:00:00Z,stable
CTRL-0676,ZCT2E-L9898627,PLAYER597,3.02,3.02,false,2024-06-10T08:00:00Z,stable
CTRL-0677,ZCT1W-U3593718,PLAYER598,3.02,3.02,false,2024-06-10T08:00:00Z,stable
CTRL-0678,ZCT2E-F3649846,PLAYER599,3.02,3.02,false,2024-06-10T08:00:00Z,stable
CTRL-0679,ZCT2E-W7994575,PLAYER600,3.02,3.02,false,2024-06-10T08:00:00Z,stable
CTRL-0680,ZCT2E-R6093866,PLAYER601,3.02,3.02,false,2024-06-10T08:00:00Z,stable
CTRL-0681,ZCT2E-L8544846,PLAYER602,3.02,3.02,false,2024-06-10T08:00:00Z,stable
CTRL-0682,ZCT2E-A7779356,PLAYER603,3.02,3.02,false,2024-06-10T08:00:00Z,stable
CTRL-0683,ZCT1W-Q5600435,PLAYER604,3.02,3.02,false,2024-06-10T08:00:00Z,stable
CTRL-0684,ZCT2E-K7265873,PLAYER605,2.98,3.02,true,2024-06-10T08:00:00Z,stable
CTRL-0685,ZCT2E-L4346251,PLAYER606,3.02,3.02,false,2024-06-10T08:00:00Z,stable
CTRL-0686,ZCT2E-D2248676,PLAYER607,3.01,3.02,true,2024-06-10T08:00:00Z,stable
CTRL-0687,ZCT2E-U8883139,PLAYER608,3.02,3.02,false,2024-06-10T08:00:00Z,stable
CTRL-0688,ZCT2E-R5191722,PLAYER609,3.02,3.02,false,2024-06-10T08:00:00Z,stable
CTRL-0689,ZCT1W-B6749416,PLAYER610,3.02,3.02,false,2024-06-10T08:00:00Z,stable
CTRL-0690,ZCT2E-D8916176,PLAYER611,3.02,3.02,false,2024-06-10T08:00:00Z,stable
CTRL-0691,ZCT2E-E3523621,PLAYER612,3.02,3.02,false,2024-06-10T08:00:00Z,stable
CTRL-0692,ZCT1W-Q5114220,PLAYER613,3.02,3.02,false,2024-06-10T08:00:00Z,stable
CTRL-0693,ZCT2E-A3356654,PLAYER614,3.02,3.02,false,2024-06-10T08:00:00Z,stable
CTRL-0694,ZCT2E-M8479960,PLAYER615,3.02,3.02,false,2024-06-10T08:00:00Z,stable
CTRL-0695,ZCT2E-Q4819874,PLAYER616,3.00,3.02,true,2024-06-10T08:00:00Z,stable
CTRL-0696,ZCT2E-J1388196,PLAYER617,3.02,3.02,false,2024-06-10T08:00:00Z,stable
CTRL-0697,ZCT2E-R1805827,PLAYER618,3.02,3.02,false,2024-06-10T08:00:00Z,stable
CTRL-0698,ZCT2E-A8335114,PLAYER619,3.02,3.02,false,2024-06-10T08:00:00Z,stable
CTRL-0699,ZCT2E-T9254549,PLAYER620,3.02,3.02,false,2024-06-10T08:00:00Z,stable
CTRL-0700,ZCT1W-C2545911,PLAYER620,3.02,3.02,false,2024-06-10T08:00:00Z,stable
CTRL-0701,ZCT1W-S2471869,PLAYER621,3.00,3.02,true,2024-06-10T08:00:00Z,stable
CTRL-0702,ZCT1W-C8230086,PLAYER621,2.98,3.02,true,2024-06-10T08:00:00Z,stable
CTRL-0703,ZCT1W-W6543686,PLAYER622,3.02,3.02,false,2024-06-10T08:00:00Z,stable
CTRL-0704,ZCT2E-A7735482,PLAYER623,3.02,3.02,false,2024-06-10T08:00:00Z,stable
CTRL-0705,ZCT2E-A1143242,PLAYER624,3.02,3.02,false,2024-06-10T08:00:00Z,stable
CTRL-0706,ZCT2E-H6479762,PLAYER625,3.02,3.02,false,2024-06-10T08:00:00Z,stable
CTRL-0707,ZCT2E-U3560283,PLAYER626,3.02,3.02,false,2024-06-10T08:00:00Z,stable
CTRL-0708,ZCT2E-F2692762,PLAYER626,3.02,3.02,false,2024-06-10T08:00:00Z,stable
CTRL-0709,ZCT1W-T6847188,PLAYER627,2.98,3.02,true,2024-06-10T08:00:00Z,stable
CTRL-0710,ZCT2E-H4503204,PLAYER628,3.02,3.02,false,2024-06-10T08:00:00Z,stable
CTRL-0711,ZCT2E-H4644612,PLAYER629,3.02,3.02,false,2024-06-10T08:00:00Z,stable
CTRL-0712,ZCT2E-D7293367,PLAYER630,3.02,3.02,false,2024-06-10T08:00:00Z,stable
CTRL-0713,ZCT1W-N1825678,PLAYER631,3.02,3.02,false,2024-06-10T08:00:00Z,stable
CTRL-0714,ZCT1W-N3091268,PLAYER632,3.02,3.02,false,2024-06-10T08:00:00Z,stable
CTRL-0715,ZCT1W-F4517141,PLAYER632,3.02,3.02,false,2024-06-10T08:00:00Z,stable
CTRL-0716,ZCT2E-L7964689,PLAYER633,3.02,3.02,false,2024-06-10T08:00:00Z,stable
CTRL-0717,ZCT2E-R5282963,PLAYER634,3.01,3.02,true,2024-06-10T08:00:00Z,stable
CTRL-0718,ZCT1W-N8046664,PLAYER635,2.98,3.02,true,2024-06-10T08:00:00Z,stable
CTRL-0719,ZCT2E-K2095646,PLAYER636,3.00,3.02,true,2024-06-10T08:00:00Z,stable
CTRL-0720,ZCT1W-W7537849,PLAYER637,3.02,3.02,false,2024-06-10T08:00:00Z,stable
CTRL-0721,ZCT2E-W6423586,PLAYER638,3.02,3.02,false,2024-06-10T08:00:00Z,stable
CTRL-0722,ZCT1W-E9701033,PLAYER638,3.02,3.02,false,2024-06-10T08:00:00Z,stable
CTRL-0723,ZCT1W-B4520289,PLAYER639,3.02,3.02,false,2024-06-10T08:00:00Z,stable
CTRL-0724,ZCT2E-F8033665,PLAYER640,3.02,3.02,false,2024-06-10T08:00:00Z,stable
CTRL-0725,ZCT1W-X4046988,PLAYER641,3.02,3.02,false,2024-06-10T08:00:00Z,stable
CTRL-0726,ZCT1W-A9347594,PLAYER642,3.02,3.02,false,2024-06-10T08:00:00Z,stable
CTRL-0727,ZCT2E-J6386706,PLAYER643,3.01,3.02,true,2024-06-10T08:00:00Z,stable
CTRL-0728,ZCT1W-R1574162,PLAYER644,2.98,3.02,true,2024-06-10T08:00:00Z,stable
CTRL-0729,ZCT2E-B7325627,PLAYER645,3.02,3.02,false,2024-06-10T08:00:00Z,stable
CTRL-0730,ZCT1W-D1250625,PLAYER646,3.02,3.02,false,2024-06-10T08:00:00Z,stable
CTRL-0731,ZCT1W-C8044465,PLAYER647,3.02,3.02,false,2024-06-10T08:00:00Z,stable
CTRL-0732,ZCT2E-Q7963833,PLAYER648,3.02,3.02,false,2024-06-10T08:00:00Z,stable
CTRL-0733,ZCT1W-V1012106,PLAYER649,3.02,3.02,false,2024-06-10T08:00:00Z,stable
CTRL-0734,ZCT2E-E6416968,PLAYER650,3.02,3.02,false,2024-06-10T08:00:00Z,stable
CTRL-0735,ZCT1W-R9267840,PLAYER651,3.02,3.02,false,2024-06-10T08:00:00Z,stable
CTRL-0736,ZCT1W-S3177810,PLAYER652,3.02,3.02,false,2024-06-10T08:00:00Z,stable
CTRL-0737,ZCT1W-D7775286,PLAYER653,3.01,3.02,true,2024-06-10T08:00:00Z,stable
CTRL-0738,ZCT1W-J4097522,PLAYER653,3.02,3.02,false,2024-06-10T08:00:00Z,stable
CTRL-0739,ZCT2E-X9722758,PLAYER654,3.02,3.02,false,2024-06-10T08:00:00Z,stable
CTRL-0740,ZCT2E-E6501987,PLAYER655,3.02,3.02,false,2024-06-10T08:00:00Z,stable
CTRL-0741,ZCT1W-N1805615,PLAYER656,3.02,3.02,false,2024-06-10T08:00:00Z,stable
CTRL-0742,ZCT1W-W1572338,PLAYER657,3.02,3.02,false,2024-06-10T08:00:00Z,stable
CTRL-0743,ZCT2E-L1196503,PLAYER658,2.98,3.02,true,2024-06-10T08:00:00Z,stable
CTRL-0744,ZCT2E-G7805792,PLAYER658,3.00,3.02,true,2024-06-10T08:00:00Z,stable
CTRL-0745,ZCT2E-T8379676,PLAYER659,3.02,3.02,false,2024-06-10T08:00:00Z,stable
CTRL-0746,ZCT2E-L4125920,PLAYER660,3.02,3.02,false,2024-06-10T08:00:00Z,stable
CTRL-0747,ZCT2E-X2619058,PLAYER661,3.02,3.02,false,2024-06-10T08:00:00Z,stable
CTRL-0748,ZCT2E-C7130767,PLAYER662,3.02,3.02,false,2024-06-10T08:00:00Z,stable
CTRL-0749,ZCT1W-D4810526,PLAYER662,3.02,3.02,false,2024-06-10T08:00:00Z,stable
CTRL-0750,ZCT2E-E6832167,PLAYER663,3.02,3.02,false,2024-06-10T08:00:00Z,stable
CTRL-0751,ZCT1W-S4063727,PLAYER664,3.02,3.02,false,2024-06-10T08:00:00Z,stable
CTRL-0752,ZCT1W-X4722144,PLAYER664,3.02,3.02,false,2024-06-10T08:00:00Z,stable
CTRL-0753,ZCT2E-S3546298,PLAYER665,3.01,3.02,true,2024-06-10T08:00:00Z,stable
CTRL-0754,ZCT1W-T7084360,PLAYER666,3.02,3.02,false,2024-06-10T08:00:00Z,stable
CTRL-0755,ZCT2E-F2680038,PLAYER667,3.02,3.02,false,2024-06-10T08:00:00Z,stable
CTRL-0756,ZCT1W-T8113803,PLAYER668,3.02,3.02,false,2024-06-10T08:00:00Z,stable
CTRL-0757,ZCT1W-N5974384,PLAYER669,3.02,3.02,false,2024-06-10T08:00:00Z,stable
CTRL-0758,ZCT2E-Q6400942,PLAYER670,3.01,3.02,true,2024-06-10T08:00:00Z,stable
CTRL-0759,ZCT1W-J6227870,PLAYER671,3.02,3.02,false,2024-06-10T08:00:00Z,stable
CTRL-0760,ZCT2E-E3412422,PLAYER672,3.02,3.02,false,2024-06-10T08:00:00Z,stable
CTRL-0761,ZCT1W-N3675009,PLAYER673,3.01,3.02,true,2024-06-10T08:00:00Z,stable
CTRL-0762,ZCT1W-H6878859,PLAYER674,3.02,3.02,false,2024-06-10T08:00:00Z,stable
CTRL-0763,ZCT2E-E7735054,PLAYER674,3.02,3.02,false,2024-06-10T08:00:00Z,stable
CTRL-0764,ZCT2E-E5621624,PLAYER675,3.02,3.02,false,2024-06-10T08:00:00Z,stable
CTRL-0765,ZCT1W-S6220408,PLAYER676,2.98,3.02,true,2024-06-10T08:00:00Z,stable
CTRL-0766,ZCT2E-K3094878,PLAYER677,3.00,3.02,true,2024-06-10T08:00:00Z,stable
CTRL-0767,ZCT1W-L5565127,PLAYER678,3.01,3.02,true,2024-06-10T08:00:00Z,stable
CTRL-0768,ZCT2E-D8827002,PLAYER679,2.98,3.02,true,2024-06-10T08:00:00Z,stable
CTRL-0769,ZCT2E-K4768723,PLAYER679,3.02,3.02,false,2024-06-10T08:00:00Z,stable
CTRL-0770,ZCT2E-H9296866,PLAYER680,3.01,3.02,true,2024-06-10T08:00:00Z,stable
CTRL-0771,ZCT1W-W2764796,PLAYER680,3.00,3.02,true,2024-06-10T08:00:00Z,stable
CTRL-0772,ZCT2E-J9519865,PLAYER681,3.02,3.02,false,2024-06-10T08:00:00Z,stable
CTRL-0773,ZCT2E-M2394075,PLAYER681,3.01,3.02,true,2024-06-10T08:00:00Z,stable
CTRL-0774,ZCT2E-H8277403,PLAYER682,3.01,3.02,true,2024-06-10T08:00:00Z,stable
CTRL-0775,ZCT2E-T7305252,PLAYER683,3.01,3.02,true,2024-06-10T08:00:00Z,stable
CTRL-0776,ZCT1W-U2653843,PLAYER683,2.98,3.02,true,2024-06-10T08:00:00Z,stable
CTRL-0777,ZCT1W-M8077121,PLAYER684,3.02,3.02,false,2024-06-10T08:00:00Z,stable
CTRL-0778,ZCT2E-Q9770547,PLAYER685,3.02,3.02,false,2024-06-10T08:00:00Z,stable
CTRL-0779,ZCT2E-X1430177,PLAYER686,2.98,3.02,true,2024-06-10T08:00:00Z,stable
CTRL-0780,ZCT2E-D5903591,PLAYER686,3.00,3.02,true,2024-06-10T08:00:00Z,stable
CTRL-0781,ZCT2E-J7016123,PLAYER687,3.02,3.02,false,2024-06-10T08:00:00Z,stable
CTRL-0782,ZCT1W-J8482755,PLAYER688,2.98,3.02,true,2024-06-10T08:00:00Z,stable
CTRL-0783,ZCT2E-F4512830,PLAYER689,3.02,3.02,false,2024-06-10T08:00:00Z,stable
CTRL-0784,ZCT2E-M3886654,PLAYER690,2.98,3.02,true,2024-06-10T08:00:00Z,stable
CTRL-0785,ZCT2E-V4818006,PLAYER691,3.02,3.02,false,2024-06-10T08:00:00Z,stable
CTRL-0786,ZCT1W-W7812644,PLAYER691,3.02,3.02,false,2024-06-10T08:00:00Z,stable
CTRL-0787,ZCT1W-N4391499,PLAYER692,3.02,3.02,false,2024-06-10T08:00:00Z,stable
CTRL-0788,ZCT2E-Q7064346,PLAYER693,3.02,3.02,false,2024-06-10T08:00:00Z,stable
CTRL-0789,ZCT1W-D4184143,PLAYER694,3.02,3.02,false,2024-06-10T08:00:00Z,stable
CTRL-0790,ZCT2E-T3984802,PLAYER694,3.02,3.02,false,2024-06-10T08:00:00Z,stable
CTRL-0791,ZCT1W-C7788683,PLAYER695,2.98,3.02,true,2024-06-10T08:00:00Z,stable
CTRL-0792,ZCT2E-T6935773,PLAYER696,3.02,3.02,false,2024-06-10T08:00:00Z,stable
CTRL-0793,ZCT2E-V2379281,PLAYER697,3.02,3.02,false,2024-06-10T08:00:00Z,stable
CTRL-0794,ZCT1W-H3600666,PLAYER698,3.01,3.02,true,2024-06-10T08:00:00Z,stable
CTRL-0795,ZCT2E-H4673793,PLAYER699,3.02,3.02,false,2024-06-10T08:00:00Z,stable
CTRL-0796,ZCT1W-E1208345,PLAYER699,3.02,3.02,false,2024-06-10T08:00:00Z,stable
CTRL-0797,ZCT2E-Q7954589,PLAYER700,3.02,3.02,false,2024-06-10T08:00:00Z,stable
CTRL-0798,ZCT1W-S7704457,PLAYER701,3.02,3.02,false,2024-06-10T08:00:00Z,stable
CTRL-0799,ZCT2E-M5421758,PLAYER702,3.02,3.02,false,2024-06-10T08:00:00Z,stable
CTRL-0800,ZCT1W-L6990710,PLAYER703,3.01,3.02,true,2024-06-10T08:00:00Z,stable
CTRL-0801,ZCT1W-T3160312,PLAYER704,2.98,3.02,true,2024-06-10T08:00:00Z,stable
CTRL-0802,ZCT2E-T6259401,PLAYER705,3.02,3.02,false,2024-06-10T08:00:00Z,stable
CTRL-0803,ZCT2E-W4757489,PLAYER706,3.02,3.02,false,2024-06-10T08:00:00Z,stable
CTRL-0804,ZCT2E-R8317957,PLAYER707,3.02,3.02,false,2024-06-10T08:00:00Z,stable
CTRL-0805,ZCT2E-T1965457,PLAYER707,3.00,3.02,true,2024-06-10T08:00:00Z,stable
CTRL-0806,ZCT1W-C6946051,PLAYER708,3.02,3.02,false,2024-06-10T08:00:00Z,stable
CTRL-0807,ZCT2E-A9234422,PLAYER709,3.02,3.02,false,2024-06-10T08:00:00Z,stable
CTRL-0808,ZCT1W-X8585176,PLAYER710,3.02,3.02,false,2024-06-10T08:00:00Z,stable
CTRL-0809,ZCT1W-U9522069,PLAYER711,3.02,3.02,false,2024-06-10T08:00:00Z,stable
CTRL-0810,ZCT2E-A1888704,PLAYER712,3.02,3.02,false,2024-06-10T08:00:00Z,stable
CTRL-0811,ZCT1W-C2067513,PLAYER713,3.02,3.02,false,2024-06-10T08:00:00Z,stable
CTRL-0812,ZCT1W-G5174163,PLAYER713,3.02,3.02,false,2024-06-10T08:00:00Z,stable
CTRL-0813,ZCT1W-A9304303,PLAYER714,3.02,3.02,false,2024-06-10T08:00:00Z,stable
CTRL-0814,ZCT1W-N7500351,PLAYER715,3.02,3.02,false,2024-06-10T08:00:00Z,stable
CTRL-0815,ZCT2E-E6759540,PLAYER716,3.02,3.02,false,2024-06-10T08:00:00Z,stable
CTRL-0816,ZCT1W-P5228095,PLAYER717,3.02,3.02,false,2024-06-10T08:00:00Z,stable
CTRL-0817,ZCT2E-G4802391,PLAYER718,3.02,3.02,false,2024-06-10T08:00:00Z,stable
CTRL-0818,ZCT1W-L8578729,PLAYER719,3.00,3.02,true,2024-06-10T08:00:00Z,stable
CTRL-0819,ZCT1W-V2021747,PLAYER720,3.02,3.02,false,2024-06-10T08:00:00Z,stable
CTRL-0820,ZCT2E-D3827180,PLAYER720,3.02,3.02,false,2024-06-10T08:00:00Z,stable
CTRL-0821,ZCT1W-L7455092,PLAYER721,3.00,3.02,true,2024-06-10T08:00:00Z,stable
CTRL-0822,ZCT1W-F4162204,PLAYER721,3.02,3.02,false,2024-06-10T08:00:00Z,stable
CTRL-0823,ZCT1W-M2626815,PLAYER722,3.02,3.02,false,2024-06-10T08:00:00Z,stable
CTRL-0824,ZCT2E-U3968364,PLAYER723,3.02,3.02,false,2024-06-10T08:00:00Z,stable
CTRL-0825,ZCT1W-Q1509048,PLAYER724,3.02,3.02,false,2024-06-10T08:00:00Z,stable
CTRL-0826,ZCT1W-K5889399,PLAYER725,3.00,3.02,true,2024-06-10T08:00:00Z,stable
CTRL-0827,ZCT1W-D9349199,PLAYER726,3.02,3.02,false,2024-06-10T08:00:00Z,stable
CTRL-0828,ZCT2E-Q7523750,PLAYER727,3.00,3.02,true,2024-06-10T08:00:00Z,stable
CTRL-0829,ZCT1W-L5130922,PLAYER728,3.02,3.02,false,2024-06-10T08:00:00Z,stable
CTRL-0830,ZCT2E-G7782771,PLAYER729,3.02,3.02,false,2024-06-10T08:00:00Z,stable
CTRL-0831,ZCT2E-X2657259,PLAYER730,3.02,3.02,false,2024-06-10T08:00:00Z,stable
CTRL-0832,ZCT2E-S9924232,PLAYER731,3.02,3.02,false,2024-06-10T08:00:00Z,stable
CTRL-0833,ZCT2E-E8514591,PLAYER732,3.02,3.02,false,2024-06-10T08:00:00Z,stable
CTRL-0834,ZCT2E-N8300418,PLAYER733,3.01,3.02,true,2024-06-10T08:00:00Z,stable
CTRL-0835,ZCT2E-D6394118,PLAYER734,3.01,3.02,true,2024-06-10T08:00:00Z,stable
CTRL-0836,ZCT2E-K1924685,PLAYER734,3.01,3.02,true,2024-06-10T08:00:00Z,stable
CTRL-0837,ZCT1W-K3908477,PLAYER735,3.02,3.02,false,2024-06-10T08:00:00Z,stable
CTRL-0838,ZCT1W-B6082589,PLAYER736,3.02,3.02,false,2024-06-10T08:00:00Z,stable
CTRL-0839,ZCT2E-T1879717,PLAYER737,2.98,3.02,true,2024-06-10T08:00:00Z,stable
CTRL-0840,ZCT1W-S7221393,PLAYER737,3.02,3.02,false,2024-06-10T08:00:00Z,stable
CTRL-0841,ZCT1W-D8671109,PLAYER738,2.98,3.02,true,2024-06-10T08:00:00Z,stable
CTRL-0842,ZCT2E-C4415979,PLAYER738,2.98,3.02,true,2024-06-10T08:00:00Z,stable
CTRL-0843,ZCT2E-G2951710,PLAYER739,3.02,3.02,false,2024-06-10T08:00:00Z,stable
CTRL-0844,ZCT1W-X6549075,PLAYER739,3.02,3.02,false,2024-06-10T08:00:00Z,stable
CTRL-0845,ZCT1W-M7743748,PLAYER740,3.02,3.02,false,2024-06-10T08:00:00Z,stable
CTRL-0846,ZCT1W-V5331630,PLAYER741,3.02,3.02,false,2024-06-10T08:00:00Z,stable
CTRL-0847,ZCT2E-G5573719,PLAYER741,3.02,3.02,false,2024-06-10T08:00:00Z,stable
CTRL-0848,ZCT2E-N5665520,PLAYER742,3.02,3.02,false,2024-06-10T08:00:00Z,stable
CTRL-0849,ZCT2E-J1174981,PLAYER743,3.02,3.02,false,2024-06-10T08:00:00Z,stable
CTRL-0850,ZCT2E-E4740892,PLAYER744,3.01,3.02,true,2024-06-10T08:00:00Z,stable
CTRL-0851,ZCT1W-R2115690,PLAYER745,3.02,3.02,false,2024-06-10T08:00:00Z,stable
CTRL-0852,ZCT2E-X7680763,PLAYER746,3.02,3.02,false,2024-06-10T08:00:00Z,stable
CTRL-0853,ZCT2E-K5387228,PLAYER747,3.02,3.02,false,2024-06-10T08:00:00Z,stable
CTRL-0854,ZCT1W-C9354503,PLAYER747,3.02,3.02,false,2024-06-10T08:00:00Z,stable
CTRL-0855,ZCT2E-R2834486,PLAYER748,2.98,3.02,true,2024-06-10T08:00:00Z,stable
CTRL-0856,ZCT2E-F2402709,PLAYER749,3.02,3.02,false,2024-06-10T08:00:00Z,stable
CTRL-0857,ZCT2E-V7222701,PLAYER750,3.02,3.02,false,2024-06-10T08:00:00Z,stable
CTRL-0858,ZCT1W-X9449329,PLAYER751,3.02,3.02,false,2024-06-10T08:00:00Z,stable
CTRL-0859,ZCT1W-L1734135,PLAYER752,3.02,3.02,false,2024-06-10T08:00:00Z,stable
CTRL-0860,ZCT2E-F6873992,PLAYER753,3.02,3.02,false,2024-06-10T08:00:00Z,stable
CTRL-0861,ZCT2E-E5895685,PLAYER754,3.02,3.02,false,2024-06-10T08:00:00Z,stable
CTRL-0862,ZCT1W-L8363043,PLAYER755,3.02,3.02,false,2024-06-10T08:00:00Z,stable
CTRL-0863,ZCT1W-V9867708,PLAYER756,3.02,3.02,false,2024-06-10T08:00:00Z,stable
CTRL-0864,ZCT2E-B2868408,PLAYER756,3.02,3.02,false,2024-06-10T08:00:00Z,stable
CTRL-0865,ZCT1W-V3850704,PLAYER757,3.02,3.02,false,2024-06-10T08:00:00Z,stable
CTRL-0866,ZCT1W-E2741350,PLAYER758,3.00,3.02,true,2024-06-10T08:00:00Z,stable
CTRL-0867,ZCT1W-U1980083,PLAYER758,2.98,3.02,true,2024-06-10T08:00:00Z,stable
CTRL-0868,ZCT1W-W1590477,PLAYER759,3.00,3.02,true,2024-06-10T08:00:00Z,stable
CTRL-0869,ZCT2E-U7476923,PLAYER760,3.02,3.02,false,2024-06-10T08:00:00Z,stable
CTRL-0870,ZCT2E-Q4987424,PLAYER761,3.01,3.02,true,2024-06-10T08:00:00Z,stable
CTRL-0871,ZCT2E-R3569227,PLAYER761,2.98,3.02,true,2024-06-10T08:00:00Z,stable
CTRL-0872,ZCT1W-K3925160,PLAYER762,3.02,3.02,false,2024-06-10T08:00:00Z,stable
CTRL-0873,ZCT1W-M1351266,PLAYER763,3.02,3.02,false,2024-06-10T08:00:00Z,stable
CTRL-0874,ZCT1W-Q7884890,PLAYER764,3.02,3.02,false,2024-06-10T08:00:00Z,stable
CTRL-0875,ZCT1W-W6921373,PLAYER765,3.02,3.02,false,2024-06-10T08:00:00Z,stable
CTRL-0876,ZCT2E-Q8588532,PLAYER765,3.02,3.02,false,2024-06-10T08:00:00Z,stable
CTRL-0877,ZCT2E-L6469556,PLAYER766,3.02,3.02,false,2024-06-10T08:00:00Z,stable
CTRL-0878,ZCT1W-H4639973,PLAYER767,2.98,3.02,true,2024-06-10T08:00:00Z,stable
CTRL-0879,ZCT2E-Q7848595,PLAYER768,3.02,3.02,false,2024-06-10T08:00:00Z,stable
CTRL-0880,ZCT2E-E8889191,PLAYER769,3.02,3.02,false,2024-06-10T08:00:00Z,stable
CTRL-0881,ZCT2E-B4345540,PLAYER770,3.02,3.02,false,2024-06-10T08:00:00Z,stable
CTRL-0882,ZCT2E-S8244130,PLAYER771,3.01,3.02,true,2024-06-10T08:00:00Z,stable
CTRL-0883,ZCT1W-N3891398,PLAYER772,3.02,3.02,false,2024-06-10T08:00:00Z,stable
CTRL-0884,ZCT2E-U4318696,PLAYER773,3.02,3.02,false,2024-06-10T08:00:00Z,stable
CTRL-0885,ZCT1W-E9165219,PLAYER774,2.98,3.02,true,2024-06-10T08:00:00Z,stable
CTRL-0886,ZCT1W-X2628473,PLAYER774,3.02,3.02,false,2024-06-10T08:00:00Z,stable
CTRL-0887,ZCT1W-B6561791,PLAYER775,3.02,3.02,false,2024-06-10T08:00:00Z,stable
CTRL-0888,ZCT2E-G3526697,PLAYER776,3.02,3.02,false,2024-06-10T08:00:00Z,stable
CTRL-0889,ZCT1W-M6293212,PLAYER776,3.00,3.02,true,2024-06-10T08:00:00Z,stable
CTRL-0890,ZCT2E-F5861048,PLAYER777,3.02,3.02,false,2024-06-10T08:00:00Z,stable
CTRL-0891,ZCT1W-F7965663,PLAYER778,3.02,3.02,false,2024-06-10T08:00:00Z,stable
CTRL-0892,ZCT2E-J5184066,PLAYER779,3.00,3.02,true,2024-06-10T08:00:00Z,stable
CTRL-0893,ZCT2E-D1660659,PLAYER780,3.02,3.02,false,2024-06-10T08:00:00Z,stable
CTRL-0894,ZCT2E-R3859809,PLAYER781,3.02,3.02,false,2024-06-10T08:00:00Z,stable
CTRL-0895,ZCT2E-U4050662,PLAYER782,3.02,3.02,false,2024-06-10T08:00:00Z,stable
CTRL-0896,ZCT2E-L2426239,PLAYER783,3.02,3.02,false,2024-06-10T08:00:00Z,stable
CTRL-0897,ZCT1W-V6034918,PLAYER784,3.02,3.02,false,2024-06-10T08:00:00Z,stable
CTRL-0898,ZCT1W-W6380429,PLAYER785,3.02,3.02,false,2024-06-10T08:00:00Z,stable
CTRL-0899,ZCT2E-A8008491,PLAYER786,3.02,3.02,false,2024-06-10T08:00:00Z,stable
CTRL-0900,ZCT2E-G9613805,PLAYER787,3.02,3.02,false,2024-06-10T08:00:00Z,stable
CTRL-0901,ZCT1W-R6344676,PLAYER788,3.02,3.02,false,2024-06-10T08:00:00Z,stable
CTRL-0902,ZCT1W-K5414310,PLAYER789,3.02,3.02,false,2024-06-10T08:00:00Z,stable
CTRL-0903,ZCT2E-B5577437,PLAYER789,3.02,3.02,false,2024-06-10T08:00:00Z,stable
CTRL-0904,ZCT1W-L1526365,PLAYER790,3.02,3.02,false,2024-06-10T08:00:00Z,stable
CTRL-0905,ZCT1W-K7386601,PLAYER791,3.02,3.02,false,2024-06-10T08:00:00Z,stable
CTRL-0906,ZCT2E-B5534607,PLAYER792,3.02,3.02,false,2024-06-10T08:00:00Z,stable
CTRL-0907,ZCT2E-P6739966,PLAYER793,3.02,3.02,false,2024-06-10T08:00:00Z,stable
CTRL-0908,ZCT2E-T4236382,PLAYER794,3.02,3.02,false,2024-06-10T08:00:00Z,stable
CTRL-0909,ZCT2E-X2422629,PLAYER795,3.02,3.02,false,2024-06-10T08:00:00Z,stable
CTRL-0910,ZCT1W-A3156305,PLAYER796,3.02,3.02,false,2024-06-10T08:00:00Z,stable
CTRL-0911,ZCT1W-F7264416,PLAYER797,3.02,3.02,false,2024-06-10T08:00:00Z,stable
CTRL-0912,ZCT1W-C1161820,PLAYER798,3.02,3.02,false,2024-06-10T08:00:00Z,stable
CTRL-0913,ZCT1W-E8730320,PLAYER799,3.02,3.02,false,2024-06-10T08:00:00Z,stable
CTRL-0914,ZCT1W-V3046457,PLAYER800,3.02,3.02,false,2024-06-10T08:00:00Z,stable
CTRL-0915,ZCT1W-F2538535,PLAYER801,3.02,3.02,false,2024-06-10T08:00:00Z,stable
CTRL-0916,ZCT2E-X4910362,PLAYER802,3.02,3.02,false,2024-06-10T08:00:00Z,stable
CTRL-0917,ZCT2E-W9880742,PLAYER803,3.02,3.02,false,2024-06-10T08:00:00Z,stable
CTRL-0918,ZCT2E-V4121650,PLAYER804,3.02,3.02,false,2024-06-10T08:00:00Z,stable
CTRL-0919,ZCT1W-S1105921,PLAYER805,3.02,3.02,false,2024-06-10T08:00:00Z,stable
CTRL-0920,ZCT1W-T4176691,PLAYER806,2.98,3.02,true,2024-06-10T08:00:00Z,stable
CTRL-0921,ZCT1W-L4820432,PLAYER807,3.02,3.02,false,2024-06-10T08:00:00Z,stable
CTRL-0922,ZCT2E-S5788268,PLAYER808,3.02,3.02,false,2024-06-10T08:00:00Z,stable
CTRL-0923,ZCT2E-M5039461,PLAYER808,3.02,3.02,false,2024-06-10T08:00:00Z,stable
CTRL-0924,ZCT1W-C2033804,PLAYER809,2.98,3.02,true,2024-06-10T08:00:00Z,stable
CTRL-0925,ZCT1W-V8215793,PLAYER810,3.02,3.02,false,2024-06-10T08:00:00Z,stable
CTRL-0926,ZCT1W-L7064624,PLAYER811,3.02,3.02,false,2024-06-10T08:00:00Z,stable
CTRL-0927,ZCT2E-L8562950,PLAYER812,2.98,3.02,true,2024-06-10T08:00:00Z,stable
CTRL-0928,ZCT2E-K9205525,PLAYER813,3.02,3.02,false,2024-06-10T08:00:00Z,stable
CTRL-0929,ZCT1W-H3861403,PLAYER814,3.02,3.02,false,2024-06-10T08:00:00Z,stable
CTRL-0930,ZCT2E-Q6441988,PLAYER815,3.02,3.02,false,2024-06-10T08:00:00Z,stable
CTRL-0931,ZCT2E-Q3561626,PLAYER816,3.02,3.02,false,2024-06-10T08:00:00Z,stable
CTRL-0932,ZCT1W-E6313738,PLAYER817,3.02,3.02,false,2024-06-10T08:00:00Z,stable
CTRL-0933,ZCT2E-A8287708,PLAYER818,3.02,3.02,false,2024-06-10T08:00:00Z,stable
CTRL-0934,ZCT1W-G2591255,PLAYER818,3.02,3.02,false,2024-06-10T08:00:00Z,stable
CTRL-0935,ZCT2E-L4317803,PLAYER819,3.02,3.02,false,2024-06-10T08:00:00Z,stable
CTRL-0936,ZCT2E-T5658522,PLAYER819,3.02,3.02,false,2024-06-10T08:00:00Z,stable
CTRL-0937,ZCT2E-P8299893,PLAYER820,3.02,3.02,false,2024-06-10T08:00:00Z,stable
CTRL-0938,ZCT1W-M2778577,PLAYER820,3.02,3.02,false,2024-06-10T08:00:00Z,stable
CTRL-0939,ZCT2E-V5854015,PLAYER821,3.00,3.02,true,2024-06-10T08:00:00Z,stable
CTRL-0940,ZCT2E-G7985116,PLAYER822,3.02,3.02,false,2024-06-10T08:00:00Z,stable
CTRL-0941,ZCT1W-L6211203,PLAYER823,3.00,3.02,true,2024-06-10T08:00:00Z,stable
CTRL-0942,ZCT1W-V3171442,PLAYER824,3.02,3.02,false,2024-06-10T08:00:00Z,stable
CTRL-0943,ZCT2E-E7200314,PLAYER825,3.02,3.02,false,2024-06-10T08:00:00Z,stable
CTRL-0944,ZCT1W-Q7207712,PLAYER826,3.01,3.02,true,2024-06-10T08:00:00Z,stable
CTRL-0945,ZCT2E-H6243501,PLAYER827,3.02,3.02,false,2024-06-10T08:00:00Z,stable
CTRL-0946,ZCT2E-T6716959,PLAYER828,3.02,3.02,false,2024-06-10T08:00:00Z,stable
CTRL-0947,ZCT1W-E6399457,PLAYER829,3.02,3.02,false,2024-06-10T08:00:00Z,stable
CTRL-0948,ZCT1W-H9197145,PLAYER830,3.02,3.02,false,2024-06-10T08:00:00Z,stable
CTRL-0949,ZCT1W-L9572494,PLAYER831,3.02,3.02,false,2024-06-10T08:00:00Z,stable
CTRL-0950,ZCT1W-V6396474,PLAYER831,3.02,3.02,false,2024-06-10T08:00:00Z,stable
CTRL-0951,ZCT2E-C8541105,PLAYER832,3.02,3.02,false,2024-06-10T08:00:00Z,stable
CTRL-0952,ZCT2E-E7103256,PLAYER832,3.02,3.02,false,2024-06-10T08:00:00Z,stable
CTRL-0953,ZCT1W-H1051224,PLAYER833,3.02,3.02,false,2024-06-10T08:00:00Z,stable
CTRL-0954,ZCT1W-J6369307,PLAYER834,2.98,3.02,true,2024-06-10T08:00:00Z,stable
CTRL-0955,ZCT1W-W4157389,PLAYER835,3.00,3.02,true,2024-06-10T08:00:00Z,stable
CTRL-0956,ZCT1W-G9782909,PLAYER836,3.00,3.02,true,2024-06-10T08:00:00Z,stable
CTRL-0957,ZCT2E-P1183106,PLAYER837,3.01,3.02,true,2024-06-10T08:00:00Z,stable
CTRL-0958,ZCT2E-A1483540,PLAYER837,2.98,3.02,true,2024-06-10T08:00:00Z,stable
CTRL-0959,ZCT2E-Q3476564,PLAYER838,3.02,3.02,false,2024-06-10T08:00:00Z,stable
CTRL-0960,ZCT1W-V8451420,PLAYER839,3.02,3.02,false,2024-06-10T08:00:00Z,stable
CTRL-0961,ZCT2E-Q5629663,PLAYER839,3.02,3.02,false,2024-06-10T08:00:00Z,stable
CTRL-0962,ZCT1W-U3156470,PLAYER840,2.98,3.02,true,2024-06-10T08:00:00Z,stable
CTRL-0963,ZCT1W-L9004435,PLAYER841,3.02,3.02,false,2024-06-10T08:00:00Z,stable
CTRL-0964,ZCT2E-N1427236,PLAYER842,3.01,3.02,true,2024-06-10T08:00:00Z,stable
CTRL-0965,ZCT1W-L1579384,PLAYER843,3.02,3.02,false,2024-06-10T08:00:00Z,stable
CTRL-0966,ZCT1W-S1937161,PLAYER844,3.02,3.02,false,2024-06-10T08:00:00Z,stable
CTRL-0967,ZCT1W-C3347324,PLAYER845,3.02,3.02,false,2024-06-10T08:00:00Z,stable
CTRL-0968,ZCT1W-C7045114,PLAYER846,3.02,3.02,false,2024-06-10T08:00:00Z,stable
CTRL-0969,ZCT2E-L2167300,PLAYER847,3.02,3.02,false,2024-06-10T08:00:00Z,stable
CTRL-0970,ZCT2E-W7643612,PLAYER848,3.02,3.02,false,2024-06-10T08:00:00Z,stable
CTRL-0971,ZCT1W-Q3668591,PLAYER849,3.02,3.02,false,2024-06-10T08:00:00Z,stable
CTRL-0972,ZCT1W-B1406431,PLAYER850,2.98,3.02,true,2024-06-10T08:00:00Z,stable
CTRL-0973,ZCT1W-B4674225,PLAYER851,3.00,3.02,true,2024-06-10T08:00:00Z,stable
CTRL-0974,ZCT1W-S6359632,PLAYER852,3.02,3.02,false,2024-06-10T08:00:00Z,stable
CTRL-0975,ZCT2E-R1394484,PLAYER853,3.01,3.02,true,2024-06-10T08:00:00Z,stable
CTRL-0976,ZCT1W-B4357530,PLAYER854,3.02,3.02,false,2024-06-10T08:00:00Z,stable
CTRL-0977,ZCT1W-U9245415,PLAYER855,3.01,3.02,true,2024-06-10T08:00:00Z,stable
CTRL-0978,ZCT2E-S3754469,PLAYER856,3.02,3.02,false,2024-06-10T08:00:00Z,stable
CTRL-0979,ZCT1W-W5721396,PLAYER857,3.02,3.02,false,2024-06-10T08:00:00Z,stable
CTRL-0980,ZCT2E-F4382050,PLAYER857,3.02,3.02,false,2024-06-10T08:00:00Z,stable
CTRL-0981,ZCT1W-L5367811,PLAYER858,3.02,3.02,false,2024-06-10T08:00:00Z,stable
CTRL-0982,ZCT1W-Q9586664,PLAYER859,3.02,3.02,false,2024-06-10T08:00:00Z,stable
CTRL-0983,ZCT1W-B7500366,PLAYER860,3.02,3.02,false,2024-06-10T08:00:00Z,stable
CTRL-0984,ZCT1W-G6009840,PLAYER860,3.02,3.02,false,2024-06-10T08:00:00Z,stable
CTRL-0985,ZCT2E-B4855572,PLAYER861,3.02,3.02,false,2024-06-10T08:00:00Z,stable
CTRL-0986,ZCT1W-K1207372,PLAYER862,3.02,3.02,false,2024-06-10T08:00:00Z,stable
CTRL-0987,ZCT2E-G9381774,PLAYER863,3.02,3.02,false,2024-06-10T08:00:00Z,stable
CTRL-0988,ZCT2E-Q7555770,PLAYER864,3.02,3.02,false,2024-06-10T08:00:00Z,stable
CTRL-0989,ZCT2E-R5787252,PLAYER865,3.02,3.02,false,2024-06-10T08:00:00Z,stable
CTRL-0990,ZCT1W-A1523448,PLAYER866,3.02,3.02,false,2024-06-10T08:00:00Z,stable
CTRL-0991,ZCT2E-A6090988,PLAYER867,3.02,3.02,false,2024-06-10T08:00:00Z,stable
CTRL-0992,ZCT1W-M4612279,PLAYER868,3.02,3.02,false,2024-06-10T08:00:00Z,stable
CTRL-0993,ZCT2E-C5697262,PLAYER869,3.02,3.02,false,2024-06-10T08:00:00Z,stable
CTRL-0994,ZCT1W-K1587080,PLAYER870,2.98,3.02,true,2024-06-10T08:00:00Z,stable
CTRL-0995,ZCT2E-Q4433725,PLAYER871,3.01,3.02,true,2024-06-10T08:00:00Z,stable
CTRL-0996,ZCT1W-R3928988,PLAYER872,3.02,3.02,false,2024-06-10T08:00:00Z,stable
CTRL-0997,ZCT1W-Q5582437,PLAYER873,3.02,3.02,false,2024-06-10T08:00:00Z,stable
CTRL-0998,ZCT1W-G2093165,PLAYER874,3.02,3.02,false,2024-06-10T08:00:00Z,stable
CTRL-0999,ZCT1W-R8255936,PLAYER875,2.98,3.02,true,2024-06-10T08:00:00Z,stable
CTRL-1000,ZCT1W-U1738763,PLAYER876,3.00,3.02,true,2024-06-10T08:00:00Z,stable
CTRL-1001,ZCT2E-R4400718,PLAYER877,2.98,3.02,true,2024-06-10T08:00:00Z,stable
CTRL-1002,ZCT2E-G4939600,PLAYER878,2.98,3.02,true,2024-06-10T08:00:00Z,stable
CTRL-1003,ZCT1W-U8303868,PLAYER879,3.02,3.02,false,2024-06-10T08:00:00Z,stable
CTRL-1004,ZCT1W-B5806959,PLAYER880,3.02,3.02,false,2024-06-10T08:00:00Z,stable
CTRL-1005,ZCT2E-T3749697,PLAYER880,3.02,3.02,false,2024-06-10T08:00:00Z,stable
CTRL-1006,ZCT1W-L6818132,PLAYER881,3.02,3.02,false,2024-06-10T08:00:00Z,stable
CTRL-1007,ZCT2E-M5906489,PLAYER882,2.98,3.02,true,2024-06-10T08:00:00Z,stable
CTRL-1008,ZCT2E-X7842181,PLAYER882,3.02,3.02,false,2024-06-10T08:00:00Z,stable
CTRL-1009,ZCT2E-E6583525,PLAYER883,3.01,3.02,true,2024-06-10T08:00:00Z,stable
CTRL-1010,ZCT1W-B6762197,PLAYER884,3.02,3.02,false,2024-06-10T08:00:00Z,stable
CTRL-1011,ZCT2E-T3674757,PLAYER885,3.01,3.02,true,2024-06-10T08:00:00Z,stable
CTRL-1012,ZCT1W-N2371426,PLAYER886,3.01,3.02,true,2024-06-10T08:00:00Z,stable
CTRL-1013,ZCT1W-S2741731,PLAYER887,3.02,3.02,false,2024-06-10T08:00:00Z,stable
CTRL-1014,ZCT1W-H6618685,PLAYER888,3.02,3.02,false,2024-06-10T08:00:00Z,stable
CTRL-1015,ZCT2E-T7626337,PLAYER888,3.02,3.02,false,2024-06-10T08:00:00Z,stable
CTRL-1016,ZCT2E-P2785542,PLAYER889,3.02,3.02,false,2024-06-10T08:00:00Z,stable
CTRL-1017,ZCT1W-A9464291,PLAYER890,3.02,3.02,false,2024-06-10T08:00:00Z,stable
CTRL-1018,ZCT1W-K5057290,PLAYER891,3.02,3.02,false,2024-06-10T08:00:00Z,stable
CTRL-1019,ZCT1W-T2620464,PLAYER892,3.02,3.02,false,2024-06-10T08:00:00Z,stable
CTRL-1020,ZCT1W-A5962433,PLAYER893,3.02,3.02,false,2024-06-10T08:00:00Z,stable
CTRL-1021,ZCT1W-C5251915,PLAYER893,3.02,3.02,false,2024-06-10T08:00:00Z,stable
CTRL-1022,ZCT2E-X7761231,PLAYER894,3.00,3.02,true,2024-06-10T08:00:00Z,stable
CTRL-1023,ZCT2E-M4497183,PLAYER894,3.02,3.02,false,2024-06-10T08:00:00Z,stable
CTRL-1024,ZCT1W-X9243207,PLAYER895,3.02,3.02,false,2024-06-10T08:00:00Z,stable
CTRL-1025,ZCT2E-A5291312,PLAYER895,3.00,3.02,true,2024-06-10T08:00:00Z,stable
CTRL-1026,ZCT1W-P6889724,PLAYER896,3.02,3.02,false,2024-06-10T08:00:00Z,stable
CTRL-1027,ZCT2E-B9178027,PLAYER896,3.02,3.02,false,2024-06-10T08:00:00Z,stable
CTRL-1028,ZCT2E-T2544323,PLAYER897,3.02,3.02,false,2024-06-10T08:00:00Z,stable
CTRL-1029,ZCT1W-Q7372844,PLAYER898,3.00,3.02,true,2024-06-10T08:00:00Z,stable
CTRL-1030,ZCT2E-B6416901,PLAYER899,3.02,3.02,false,2024-06-10T08:00:00Z,stable
CTRL-1031,ZCT2E-D1172703,PLAYER899,3.02,3.02,false,2024-06-10T08:00:00Z,stable
CTRL-1032,ZCT2E-C9423380,PLAYER900,3.00,3.02,true,2024-06-10T08:00:00Z,stable
CTRL-1033,ZCT2E-T1817300,PLAYER900,3.01,3.02,true,2024-06-10T08:00:00Z,stable
CTRL-1034,ZCT2E-F8578703,PLAYER901,2.98,3.02,true,2024-06-10T08:00:00Z,stable
CTRL-1035,ZCT2E-V6560231,PLAYER902,3.02,3.02,false,2024-06-10T08:00:00Z,stable
CTRL-1036,ZCT1W-G9089070,PLAYER902,3.00,3.02,true,2024-06-10T08:00:00Z,stable
CTRL-1037,ZCT1W-N1736094,PLAYER903,3.00,3.02,true,2024-06-10T08:00:00Z,stable
CTRL-1038,ZCT2E-H8460264,PLAYER904,3.02,3.02,false,2024-06-10T08:00:00Z,stable
CTRL-1039,ZCT1W-E3214575,PLAYER905,3.02,3.02,false,2024-06-10T08:00:00Z,stable
CTRL-1040,ZCT2E-M8213757,PLAYER906,3.02,3.02,false,2024-06-10T08:00:00Z,stable
CTRL-1041,ZCT2E-W2783889,PLAYER907,3.02,3.02,false,2024-06-10T08:00:00Z,stable
CTRL-1042,ZCT2E-T8084267,PLAYER908,3.02,3.02,false,2024-06-10T08:00:00Z,stable
CTRL-1043,ZCT2E-R7733149,PLAYER909,3.00,3.02,true,2024-06-10T08:00:00Z,stable
CTRL-1044,ZCT1W-D1404486,PLAYER910,3.01,3.02,true,2024-06-10T08:00:00Z,stable
CTRL-1045,ZCT1W-Q7263217,PLAYER911,3.02,3.02,false,2024-06-10T08:00:00Z,stable
CTRL-1046,ZCT1W-U7933281,PLAYER912,3.02,3.02,false,2024-06-10T08:00:00Z,stable
CTRL-1047,ZCT1W-E6038921,PLAYER912,3.02,3.02,false,2024-06-10T08:00:00Z,stable
CTRL-1048,ZCT2E-B9559668,PLAYER913,3.02,3.02,false,2024-06-10T08:00:00Z,stable
CTRL-1049,ZCT2E-U9900636,PLAYER914,3.02,3.02,false,2024-06-10T08:00:00Z,stable
CTRL-1050,ZCT1W-R4582959,PLAYER914,2.98,3.02,true,2024-06-10T08:00:00Z,stable
CTRL-1051,ZCT2E-G2661733,PLAYER915,3.02,3.02,false,2024-06-10T08:00:00Z,stable
CTRL-1052,ZCT1W-S3439451,PLAYER916,3.02,3.02,false,2024-06-10T08:00:00Z,stable
CTRL-1053,ZCT1W-U3763756,PLAYER917,3.02,3.02,false,2024-06-10T08:00:00Z,stable
CTRL-1054,ZCT2E-W7068696,PLAYER918,3.02,3.02,false,2024-06-10T08:00:00Z,stable
CTRL-1055,ZCT2E-P2001147,PLAYER919,3.02,3.02,false,2024-06-10T08:00:00Z,stable
CTRL-1056,ZCT2E-N1464145,PLAYER920,3.02,3.02,false,2024-06-10T08:00:00Z,stable
CTRL-1057,ZCT2E-V4770193,PLAYER921,3.01,3.02,true,2024-06-10T08:00:00Z,stable
CTRL-1058,ZCT2E-W3638806,PLAYER922,3.02,3.02,false,2024-06-10T08:00:00Z,stable
CTRL-1059,ZCT2E-C8260198,PLAYER923,3.02,3.02,false,2024-06-10T08:00:00Z,stable
CTRL-1060,ZCT1W-E1670225,PLAYER924,3.02,3.02,false,2024-06-10T08:00:00Z,stable
CTRL-1061,ZCT2E-W6729127,PLAYER925,2.98,3.02,true,2024-06-10T08:00:00Z,stable
CTRL-1062,ZCT2E-K8883813,PLAYER926,3.02,3.02,false,2024-06-10T08:00:00Z,stable
CTRL-1063,ZCT1W-R6655184,PLAYER927,2.98,3.02,true,2024-06-10T08:00:00Z,stable
CTRL-1064,ZCT1W-J5499844,PLAYER928,2.98,3.02,true,2024-06-10T08:00:00Z,stable
CTRL-1065,ZCT1W-L6438575,PLAYER929,3.02,3.02,false,2024-06-10T08:00:00Z,stable
CTRL-1066,ZCT2E-G6620341,PLAYER929,3.02,3.02,false,2024-06-10T08:00:00Z,stable
CTRL-1067,ZCT2E-V8110991,PLAYER930,3.02,3.02,false,2024-06-10T08:00:00Z,stable
CTRL-1068,ZCT1W-K4187101,PLAYER931,3.02,3.02,false,2024-06-10T08:00:00Z,stable
CTRL-1069,ZCT2E-G8762657,PLAYER931,3.02,3.02,false,2024-06-10T08:00:00Z,stable
CTRL-1070,ZCT2E-W5144427,PLAYER932,3.02,3.02,false,2024-06-10T08:00:00Z,stable
CTRL-1071,ZCT2E-M5121051,PLAYER933,3.02,3.02,false,2024-06-10T08:00:00Z,stable
CTRL-1072,ZCT2E-T6727732,PLAYER934,3.02,3.02,false,2024-06-10T08:00:00Z,stable
CTRL-1073,ZCT1W-J3087576,PLAYER935,3.02,3.02,false,2024-06-10T08:00:00Z,stable
CTRL-1074,ZCT1W-G5275016,PLAYER936,3.00,3.02,true,2024-06-10T08:00:00Z,stable
CTRL-1075,ZCT2E-S8054705,PLAYER937,3.01,3.02,true,2024-06-10T08:00:00Z,stable
CTRL-1076,ZCT2E-V2813267,PLAYER938,3.02,3.02,false,2024-06-10T08:00:00Z,stable
CTRL-1077,ZCT1W-E4038433,PLAYER939,3.02,3.02,false,2024-06-10T08:00:00Z,stable
CTRL-1078,ZCT1W-J2802906,PLAYER940,3.02,3.02,false,2024-06-10T08:00:00Z,stable
CTRL-1079,ZCT1W-X8101189,PLAYER941,3.02,3.02,false,2024-06-10T08:00:00Z,stable
CTRL-1080,ZCT1W-L5650204,PLAYER942,3.02,3.02,false,2024-06-10T08:00:00Z,stable
CTRL-1081,ZCT1W-V5475083,PLAYER943,3.02,3.02,false,2024-06-10T08:00:00Z,stable
CTRL-1082,ZCT1W-E1385105,PLAYER943,3.00,3.02,true,2024-06-10T08:00:00Z,stable
CTRL-1083,ZCT1W-F7430237,PLAYER944,3.02,3.02,false,2024-06-10T08:00:00Z,stable
CTRL-1084,ZCT1W-C5525304,PLAYER944,2.98,3.02,true,2024-06-10T08:00:00Z,stable
CTRL-1085,ZCT1W-P4707319,PLAYER945,3.02,3.02,false,2024-06-10T08:00:00Z,stable
CTRL-1086,ZCT1W-H5688740,PLAYER946,3.02,3.02,false,2024-06-10T08:00:00Z,stable
CTRL-1087,ZCT1W-X6175674,PLAYER946,3.00,3.02,true,2024-06-10T08:00:00Z,stable
CTRL-1088,ZCT1W-H2683872,PLAYER947,3.02,3.02,false,2024-06-10T08:00:00Z,stable
CTRL-1089,ZCT2E-Q3523050,PLAYER948,3.02,3.02,false,2024-06-10T08:00:00Z,stable
CTRL-1090,ZCT2E-A5558760,PLAYER949,3.00,3.02,true,2024-06-10T08:00:00Z,stable
CTRL-1091,ZCT2E-L1347553,PLAYER950,3.02,3.02,false,2024-06-10T08:00:00Z,stable
CTRL-1092,ZCT2E-V4447207,PLAYER951,3.02,3.02,false,2024-06-10T08:00:00Z,stable
CTRL-1093,ZCT2E-F7778101,PLAYER952,3.02,3.02,false,2024-06-10T08:00:00Z,stable
CTRL-1094,ZCT2E-J5173595,PLAYER952,3.02,3.02,false,2024-06-10T08:00:00Z,stable
CTRL-1095,ZCT2E-A5094863,PLAYER953,3.02,3.02,false,2024-06-10T08:00:00Z,stable
CTRL-1096,ZCT1W-N6791229,PLAYER954,3.02,3.02,false,2024-06-10T08:00:00Z,stable
CTRL-1097,ZCT2E-Q8115851,PLAYER955,3.02,3.02,false,2024-06-10T08:00:00Z,stable
CTRL-1098,ZCT1W-J7150439,PLAYER955,2.98,3.02,true,2024-06-10T08:00:00Z,stable
CTRL-1099,ZCT1W-F4676504,PLAYER956,3.00,3.02,true,2024-06-10T08:00:00Z,stable
CTRL-1100,ZCT1W-B7399569,PLAYER957,3.01,3.02,true,2024-06-10T08:00:00Z,stable
CTRL-1101,ZCT1W-C1839952,PLAYER958,2.98,3.02,true,2024-06-10T08:00:00Z,stable
CTRL-1102,ZCT2E-Q3500297,PLAYER959,2.98,3.02,true,2024-06-10T08:00:00Z,stable
CTRL-1103,ZCT2E-J4120898,PLAYER960,3.02,3.02,false,2024-06-10T08:00:00Z,stable
CTRL-1104,ZCT1W-H2548050,PLAYER960,3.02,3.02,false,2024-06-10T08:00:00Z,stable
CTRL-1105,ZCT2E-P3817334,PLAYER961,3.02,3.02,false,2024-06-10T08:00:00Z,stable
CTRL-1106,ZCT1W-C2703060,PLAYER962,3.02,3.02,false,2024-06-10T08:00:00Z,stable
CTRL-1107,ZCT1W-Q7189628,PLAYER963,3.00,3.02,true,2024-06-10T08:00:00Z,stable
CTRL-1108,ZCT1W-H1146741,PLAYER964,3.02,3.02,false,2024-06-10T08:00:00Z,stable
CTRL-1109,ZCT2E-S1347589,PLAYER965,3.02,3.02,false,2024-06-10T08:00:00Z,stable
CTRL-1110,ZCT1W-F1811085,PLAYER965,3.02,3.02,false,2024-06-10T08:00:00Z,stable
CTRL-1111,ZCT2E-U5685491,PLAYER966,3.02,3.02,false,2024-06-10T08:00:00Z,stable
CTRL-1112,ZCT1W-H3719366,PLAYER967,3.02,3.02,false,2024-06-10T08:00:00Z,stable
CTRL-1113,ZCT2E-E1009619,PLAYER968,3.02,3.02,false,2024-06-10T08:00:00Z,stable
CTRL-1114,ZCT2E-X7627284,PLAYER969,2.98,3.02,true,2024-06-10T08:00:00Z,stable
CTRL-1115,ZCT2E-W9718383,PLAYER970,3.02,3.02,false,2024-06-10T08:00:00Z,stable
CTRL-1116,ZCT2E-S7839706,PLAYER971,2.98,3.02,true,2024-06-10T08:00:00Z,stable
CTRL-1117,ZCT1W-G2231734,PLAYER972,3.00,3.02,true,2024-06-10T08:00:00Z,stable
CTRL-1118,ZCT2E-D7919142,PLAYER973,3.02,3.02,false,2024-06-10T08:00:00Z,stable
CTRL-1119,ZCT1W-L9174221,PLAYER974,3.02,3.02,false,2024-06-10T08:00:00Z,stable
CTRL-1120,ZCT2E-W3469105,PLAYER975,3.02,3.02,false,2024-06-10T08:00:00Z,stable
CTRL-1121,ZCT2E-N5101891,PLAYER976,3.02,3.02,false,2024-06-10T08:00:00Z,stable
CTRL-1122,ZCT2E-J9166743,PLAYER976,3.02,3.02,false,2024-06-10T08:00:00Z,stable
CTRL-1123,ZCT1W-Q3187985,PLAYER977,3.02,3.02,false,2024-06-10T08:00:00Z,stable
CTRL-1124,ZCT1W-W2699277,PLAYER977,3.02,3.02,false,2024-06-10T08:00:00Z,stable
CTRL-1125,ZCT2E-N8270949,PLAYER978,3.01,3.02,true,2024-06-10T08:00:00Z,stable
CTRL-1126,ZCT2E-B9043979,PLAYER978,3.01,3.02,true,2024-06-10T08:00:00Z,stable
CTRL-1127,ZCT2E-S3784101,PLAYER979,2.98,3.02,true,2024-06-10T08:00:00Z,stable
CTRL-1128,ZCT2E-B1414120,PLAYER980,3.02,3.02,false,2024-06-10T08:00:00Z,stable
CTRL-1129,ZCT1W-Q7768131,PLAYER981,3.02,3.02,false,2024-06-10T08:00:00Z,stable
CTRL-1130,ZCT2E-K7173470,PLAYER982,3.02,3.02,false,2024-06-10T08:00:00Z,stable
CTRL-1131,ZCT1W-Q9179175,PLAYER983,3.02,3.02,false,2024-06-10T08:00:00Z,stable
CTRL-1132,ZCT1W-E7340529,PLAYER984,3.02,3.02,false,2024-06-10T08:00:00Z,stable
CTRL-1133,ZCT2E-E3385908,PLAYER985,3.02,3.02,false,2024-06-10T08:00:00Z,stable
CTRL-1134,ZCT2E-J7616924,PLAYER985,3.02,3.02,false,2024-06-10T08:00:00Z,stable
CTRL-1135,ZCT1W-E4263058,PLAYER986,3.02,3.02,false,2024-06-10T08:00:00Z,stable
CTRL-1136,ZCT1W-P5280671,PLAYER987,3.02,3.02,false,2024-06-10T08:00:00Z,stable
CTRL-1137,ZCT1W-F1628491,PLAYER988,3.02,3.02,false,2024-06-10T08:00:00Z,stable
CTRL-1138,ZCT1W-H8856881,PLAYER989,3.01,3.02,true,2024-06-10T08:00:00Z,stable
CTRL-1139,ZCT2E-D2341666,PLAYER990,3.01,3.02,true,2024-06-10T08:00:00Z,stable
CTRL-1140,ZCT2E-R5329920,PLAYER991,3.02,3.02,false,2024-06-10T08:00:00Z,stable
CTRL-1141,ZCT2E-S3610506,PLAYER992,3.02,3.02,false,2024-06-10T08:00:00Z,stable
CTRL-1142,ZCT2E-V5115393,PLAYER993,3.02,3.02,false,2024-06-10T08:00:00Z,stable
CTRL-1143,ZCT1W-P9110038,PLAYER994,3.02,3.02,false,2024-06-10T08:00:00Z,stable
CTRL-1144,ZCT2E-N1860445,PLAYER995,3.00,3.02,true,2024-06-10T08:00:00Z,stable
CTRL-1145,ZCT2E-D3482557,PLAYER996,3.02,3.02,false,2024-06-10T08:00:00Z,stable
CTRL-1146,ZCT1W-Q3571246,PLAYER997,3.02,3.02,false,2024-06-10T08:00:00Z,stable
CTRL-1147,ZCT2E-N8034544,PLAYER997,3.00,3.02,true,2024-06-10T08:00:00Z,stable
CTRL-1148,ZCT1W-F9072754,PLAYER998,3.02,3.02,false,2024-06-10T08:00:00Z,stable
CTRL-1149,ZCT2E-B8308548,PLAYER999,3.02,3.02,false,2024-06-10T08:00:00Z,stable
CTRL-1150,ZCT2E-R1513307,PLAYER1000,3.00,3.02,true,2024-06-10T08:00:00Z,stable
